Pergunta;Opções;Resposta;Fonte
You are a Power BI specialist at your organization. In your finance table, you have a column called margin, which is defined as 'margin = revenue – cost of goods sold.' In your company, there are several different ways people refer to margin. Some people call margin by other terms such as income, profit or profit margin. To use the Q&A feature successfully in your dashboard, you need to configure your dataset columns to enable users to type in variations for margin. Solution: Add Synonyms to the finance table Does this solution meet the goal?;A. Yes | B. No;"A
E";Certspilot.pdf
CASE 1 You are a Power BI specialist at your organization. In your finance table, you have a column called margin, which is defined as 'margin = revenue – cost of goods sold.' In your company, there are several different ways people refer to margin. Some people call margin by other terms such as income, profit or profit margin. To use the Q&A feature successfully in your dashboard, you need to configure your dataset columns to enable users to type in variations for margin. Solution: Add a detailed description of how you defined margin Does this solution meet the goal?;A. Yes | B. No;"B
E";Certspilot.pdf
CASE 1 You are a Power BI specialist at your organization. In your inventory table, there are several different ways people refer to inventory. Some people call inventory by other terms such as stock, supply, parts or supply. To use the Q&A feature successfully in your dashboard, you need to configure your inventory table and columns. Solution: Set the row label on the inventory table Does this solution meet the goal? www.dumpsgate.com Questions and Answers PDF 2/101;A. Yes | B. No;"A
E";Certspilot.pdf
CASE 1 You are a Power BI specialist at your organization. In your inventory table, there are several different ways people refer to inventory. Some people call inventory by other terms such as stock, supply, parts or supply. To use the Q&A feature successfully in your dashboard, you need to configure your inventory table and columns. Solution: Use Teach Q&A Does this solution meet the goal?;A. Yes | B. No;"A
E";Certspilot.pdf
CASE 2 You have the below relationship between sales, product and employees. The employees table is joined to the product table by 'category', and the product table is joined to the sales table by 'ProductKey.' Your boss asks you to build a visual for each Manager's sales by Subcategory. What do you need to configure to solve that problem? www.dumpsgate.com Questions and Answers PDF 3/101;A. Create a hierarchy in the product table for subcategory | B. In the employees table, change EmployeeID to type text | C. Set the cross-filter between product and employees to both | D. In the Model view, change the product table's toggle 'is hidden' to True;"C
E";Certspilot.pdf
CASE 2 You want to create a hierarchy in the products table for Category and Subcategory. You will then use the hierarchy as a drill down for a sales by product visualization as per the below exhibit. What three actions should you perform in sequence? www.dumpsgate.com Questions and Answers PDF 4/101;A. Right click on Category and select 'New Measure' -> Right click on Subcategory and select 'Add to | B. Right click on Category and select 'Create hierarchy' -> Add Subcategory to the drill through fields | C. Right click on Category and select 'Create hierarchy' -> Right click on Subcategory and select 'Add | D. Right click on Category and select 'Create hierarchy' -> Right click on Subcategory and select 'Add;"D
E";Certspilot.pdf
CASE 2 You need to create a table containing unique combinations of category and subcategory and aggregated sales. What DAX expression should you use?;"A. DATATABLE('sales','product'[Category],'product'[Subcategory],""Sales Total"",SUM(sales[Sales | B. SUMMARIZECOLUMNS('product'[Category],'product'[Subcategory],sales[Sales Amount]) | C. SUMMARIZE('sales','product'[Category],'product'[Subcategory],""Sales Total"",SUM(sales[Sales | D. SELECTCOLUMNS('sales','product'[Category],'product'[Subcategory],sales[Sales Amount])";"C
E";Certspilot.pdf
CASE 3 You work as a Power BI professional within your company's HR group. You are creating a data model to use for reporting within the group. As you start building relationships, you see there are issues connecting some of the tables. What two fixes are required to get the relationships working in your data model? www.dumpsgate.com Questions and Answers PDF 6/101;A. Change the data type of Employees[PayID] and hide Employees[Relocation] and Employees[HR | B. Change the data type of Employees[PayID] and BU[BUID] to Whole Number | C. Ensure the cardinality between BU and Employees from Many to one (*:1) to Many to many (*:*) | D. Change the data type of Employees[PayID] and BU[BUID] to Text;"B
E";Certspilot.pdf
CASE 3 You work as a Power BI professional within your company's HR group. The report you created for retention analysis worked fine in the development environment, but when deployed has performance issues. Solution: Remove columns from the data model not used in reports Does this solution meet the goal? www.dumpsgate.com Questions and Answers PDF 7/101;A. Yes | B. No;"A
E";Certspilot.pdf
CASE 3 You work as a Power BI professional within your company's HR group. The report you created for retention analysis worked fine in the development environment, but when deployed has performance issues. Solution: Hide columns and tables from the data model not used in reports Does this solution meet the goal? www.dumpsgate.com Questions and Answers PDF 8/101;A. Yes | B. No;"B
E";Certspilot.pdf
You find an interesting visualization using the Python programming language that you want to run in Power BI. What are the three steps required before you can use Python in Power BI?;A. Install Python on your local machine | B. Enable R scripting | C. Install the libraries matplotlib and pandas | D. Enable Python scripting | E. Install the libraries seaborn and keras;"A,C,D
E";Certspilot.pdf
You are asked to optimize the performance of your data model. You have several intermediate queries that are not used for visualization and you have a large transactional table with a Date/Time field. What two optimizations should you do?;A. Change all relationship cross filter directions to single | B. Split the Date/Time field into a separate Date column and a separate Time column | C. Turn off single select on slicers | D. Disable Power Query load on intermediary queries;"B,D
E";Certspilot.pdf
You receive a new table to incorporate into your analysis in Power BI. You use Power Query to preview the data. For each of the following statements, select Yes if the statement is true. Otherwise, select No. www.dumpsgate.com Questions and Answers PDF 10/101;A. Yes / Yes / Yes | B. No / Yes / Yes | C. No / Yes / No | D. No / No / Yes;"B
E";Certspilot.pdf
You are the Power BI administrator at your company which builds VR headsets. You need to assign appropriate workspace roles to your colleagues and must use the lowest permission necessary to accomplish the task. Which roles should you use for the below workspace requirements? 1. Update and delete workspaces 2. Publish apps 3. Publish content to the workspace;A. Member / Member / Contributor | B. Member / Member / Viewer | C. Admin / Member / Contributor | D. Admin / Admin / Contributor;"C
E";Certspilot.pdf
"You have a table of temperatures for various cities. Some cities use Fahrenheit, while others use Celsius. You need to write a DAX expression to create a new column called Category for the following conditions. · If the value is greater than 80 and Units are F, then 'Hot'. Otherwise 'Not Hot' · If the value is greater than 26 and Units are C, then 'Hot'. Otherwise 'Not Hot' Complete the below DAX expression by replacing [VALUE]: Category = [VALUE] ( [VALUE] ( [VALUE] (Temperature[Value] > 80,Temperature[Units]=""F""), [VALUE] (Temperature[Value] > 26,Temperature[Units]=""C"") ),""Hot"",""Not Hot"") www.dumpsgate.com Questions and Answers PDF 11/101";A. SWITCH / AND / OR / AND | B. SWITCH / OR / OR / AND | C. IF / OR / AND / AND | D. IF / AND / OR / AND | E. WHILE / AND / OR / AND;"C
E";Certspilot.pdf
Your boss has scrolled through the Theme Gallery on the website https://community.powerbi.com/. She asks you to use a particular theme for your company's report in Power BI Service. How do you incorporate the theme in your report?;A. Download the JSON file and in Custom Dashboard theme > Upload JSON theme | B. Download the CSS file and in Custom Dashboard theme > Upload CSS theme | C. Download the PNG file and right-click on a tile > Upload PNG theme | D. Download the PDF file and right-click on the dashboard > Upload PDF theme;"A
E";Certspilot.pdf
You are your company's Power BI expert. You know that data lineage shows you which data sources are used by which datasets. One of your colleagues says he cannot access data lineage. What could be two possible explanations for data lineage not working?;A. Only admins can see the lineage view | B. You need a Power BI Pro license to see lineage view | C. Lineage only works for DirectQuery datasets | D. Lineage view is available only to users with higher than Viewer access to the workspace | E. Each user needs to be granted lineage view permission in the tenant settings;"B,D
E";Certspilot.pdf
You have a data set that shows employees and their bosses, as per the exhibit below. There is a field for each Employee called Employee_Name and a field for their boss Parent_Employee_Name. How would you create the Employee_Hierarchy column with a delimited hierarchy list in DAX?;A. PATHITEM(employees[Employee_Name], employees[Parent_Employee_Name]) | B. RELATED(employees[Parent_Employee_Name], employees[Employee_Name]) | C. CONCATENATE(employees[Parent_Employee_Name], employees[Employee_Name]) | D. PATH(employees[Employee_Name], employees[Parent_Employee_Name]);D;Certspilot.pdf
You work for a computer accessories company and your data model contains the following tables: 1. Accessories table: 1k rows that are updated monthly 2. Sales table: 15M rows that are updated regularly with changes that need to be shown immediately 3. Date table: 10k rows that are updated rarely For the three tables ABOVE, which storage mode should you use from the below options? · Import · DirectQuery · Dual;A. Accessories: Import / Sales: DirectQuery / Date: Dual | B. Accessories: Import / Sales: DirectQuery / Date: Import | C. Accessories: DirectQuery / Sales: Import / Date: DirectQuery | D. Accessories: Dual / Sales: Import / Date: DirectQuery;"B
E";Certspilot.pdf
You work for a consulting company that has a contract with a large government department. Part of the requirements for the report is to configure the page for use with a screen reader for sight-impaired users. What should you configure in your report such that the page follows a logical sequence?;A. Bookmarks | B. Tab order | C. Filters on all pages | D. Layer order;"B
E";Certspilot.pdf
You work at a sports betting company and have a table with US soccer scores and a second table with betting odds. Both tables share a common key called GameID. Your boss asks you to create a new combined table. Which transform should you use to create the dataset?;A. Append queries as new | B. Append queries | C. Merge queries as new | D. Merge queries;"C
E";Certspilot.pdf
You work for a transportation company that uses Azure IoT devices to monitor the temperature within containers. The head of Supply Chain has asked you to create a dashboard for the streaming data from the IoT devices and you need to configure Power BI appropriately. For each of the following statements, select Yes is the statement is true. Otherwise, select No. www.dumpsgate.com Questions and Answers PDF 15/101;A. No / Yes / No | B. Yes / Yes / No | C. No / No / Yes | D. No / No / No;"A
E";Certspilot.pdf
You are part of a planning team and are investigating the forecast accuracy across multiple plants, various products and a series of demand types (e.g. stable, seasonal, growing etc.) You use Power BI and know that there is a visual that can help you with the root cause of low forecast accuracy. Which visual should you choose?;A. Waterfall | B. Treemap | C. Key influencers | D. Decomposition tree;"D
E";Certspilot.pdf
"You work for a baseball hat retailer and you need to create a table of the top 3 team names by the total number of transactions. You have a table called Hat Sales and another for Team. Select the proper DAX functions to correctly complete the formula by replacing the [VALUE] field: Top Hat Sales = [VALUE] ( 3, [VALUE] ( HatSales, HatTeams[Team Name], ""Transactions"", COUNT(HatSales[TransactionID]) ), [Transactions],DESC) www.dumpsgate.com Questions and Answers PDF 16/101";A. RANKX - CALCULATE | B. TOPN - CALCULATE | C. FILTER - SUMMARIZE | D. TOPN – SUMMARIZE;"D
E";Certspilot.pdf
You import a large table from Excel into Power BI and you suspect there may be missing data. How would you find the percentage of empty cells in each column?;A. Column quality | B. Column profile | C. Show whitespace | D. Column distribution;"A
E";Certspilot.pdf
You work for a shoe distribution company and your firm uses Power BI for reporting. One of the reports you have created is exported as a PDF so the warehouse staff can check off items on a hard copy. Your company, however, has a policy that all exported reports need to be encrypted. How can you meet this requirement?;A. Use Row Level Security (RLS) | B. Set the PDF options in the tenant settings | C. Configure the dataset build permission security options | D. Use sensitivity labels;"D
E";Certspilot.pdf
You work for a share trading software company and have a dashboard for user trading times. The data set used for the analysis goes back seven years. When the data reloads, it takes excessive time as the full seven years are refreshed. How can you improve the dataset performance?;A. Use an on-premises data gateway | B. Configure incremental refresh in Power BI Desktop and enable it in Power BI service | C. Enable incremental refresh directly in Power BI service | D. Manually refresh the database when users are not active;"B
E";Certspilot.pdf
You are in Power Query Editor and you see the below highlighted in the red box. What data preview option is used to create these charts?;A. Monspaced | B. Column distribution | C. Column quality | D. Column profile;"B
E";Certspilot.pdf
You have a data model with two key tables: Region and Shipping. There is a one-to-many relationship between the Region and the Shipping table. The model also has two row-level security roles named Region_Texas and Shipping_Mode The DAX filters for the two security roles are: · Region_Texas filter is: Region[state] = “Texas” · Shipping_Mode filter is: Shipping[mode] = “Rail” If a manager is a member of both the Region_Texas and Shipping_Mode roles, what will they see in a report using this data model?;A. The user will only see data for the state of Texas | B. The user will only see data for the rail shipping mode | C. The user will see data for which the state is Texas AND the shipping model is rail | D. The user will see data for which the state is Texas OR the shipping mode is rail;"D
E";Certspilot.pdf
You create an R visual in Power BI that has 500,000 rows. You notice that not all the data is shown and a message is displayed on the image. Your boss asks you the cause of this issue. What is the reason not all data is shown?;A. You are using a version prior to 2.0 of the plotly library | B. You are missing an R package | C. The visual has too many rows | D. The resolution is too high;"C
E";Certspilot.pdf
You have one report page with multiple visuals that is running slow, leading to complaints from users. What TWO solutions will help optimize your visuals?;A. Don't use multiple colors on bar charts | B. Apply filters to reduce the max number of items that a visual displays | C. Replace the default visuals with custom visuals | D. Limit the use of bar charts | E. Limit the number of visuals on a particular report page to only what is necessary;"B,E
E";Certspilot.pdf
You are asked to create a category percentage measure that will reflect the values selected when using a slicer. In the output below, you will see that the Bikes category is not selected in the slicer and the category percentage reflects the current filter context. All category percentage values add to 100% of the filter context. You are given a measure that sums the sales called Sales Total. How would you create a category percentage measure in DAX?;A. VAR categoryTotal = CALCULATE([Sales Total],ALL('product'[Category])) | B. VAR categoryTotal = [Sales Total] | C. VAR categoryTotal = CALCULATE([Sales Total],ALLSELECTED('product'[Category])) | D. VAR categoryTotal = CALCULATE([Sales Total],REMOVEFILTERS('product'[Category]));"C
E";Certspilot.pdf
You work for a Japanese auto company whose fiscal year starts April 1. You have a table called Cars with orders for cars. You need to create a common date for a data model using DAX, respecting the fiscal period. How should you create a date table using DAX?;A. CALENDAR(4) | B. CALANDAR( DATE ( 2000,3,1), DATE ( YEAR ( LASTDATE ( Cars[OrderDate] ) ), 31, 3 )) | C. CALANDAR( DATE ( YEAR ( FIRSTDATE ( Cars[OrderDate] ),4,1), DATE ( 2025, 12, 31 )) | D. CALENDARAUTO(3);"D
E";Certspilot.pdf
You work in the spare parts department of an oil and gas company as a BI expert. The company has hundreds of parts, ten years of historic data, and hundreds of different order sizes from suppliers. You create a report in Power BI with aggregations for the following visuals: · A column chart of parts on the axis, but there are too many products showing · A stacked column chart of month number and order type, but too many months show · A histogram of supplier order sizes, but there are too many order sizes You need to combine the data to make the visual more readable. How should you combine the data? Select the GROUPING TYPE for each of the THREE solutions below from top to bottom. 1. Combined the product into categories of product 2. Combine the columns into 3 month number blocks 3. Combine order sizes into 8 groups;A. LIST / BIN / LIST | B. LIST / BIN / BIN | C. BIN / LIST / LIST | D. BIN / LIST / BIN;B;Certspilot.pdf
You are analyzing basketball total points for the NBA for the year 2021. You have a measure [Points Total] which sums up the points and a date table with a year column. How should you complete the below DAX formula to effectively use it independently from any other filters set on the report page? Select the appropriate DAX function in place of [VALUE]. Sales 2021 = CALCULATE( [Points Total], FILTER( [VALUE] ('Date'[Year]), 'Date'[Year] = 2021) );A. PATH | B. ALL | C. ALLEXCEPT | D. RELATED;"B
E";Certspilot.pdf
You want to use insights in Power BI Desktop to understand the increase from one quarter to the next in your sales column chart. Normally you would right-click the appropriate column and click on Analyze > Explain increase. However, this time insights does not appear to be available. What are TWO possible reasons insights is not working?;A. You use hierarchies | B. You use TOPN filters | C. You have filtered measures | D. You use a stacked column chart;"B,C
E";Certspilot.pdf
You work for an aerospace company in their satellite division. You build a workspace called 'satellite apps' in Power BI service that contains several reports and management level apps. You have a new analyst come on board and need to allow them to edit and publish reports. How would you achieve this goal?;A. Configure the security group from Azure Active Directory | B. Add the user as a member in the role section of the 'satellite apps' workspace | C. In Power BI Desktop set Row Level Security (RLS) | D. Within the 'satellite apps' workspace, select update app;"B
E";Certspilot.pdf
You have a line chart that shows units manufactured by month. You want to add the on-time delivery metric for each month when you hover the mouse over a data point. How would you provide the additional piece of data?;A. Add on-time delivery to the drillthrough fields | B. Add the on-time delivery column to the secondary values field | C. Add on-time delivery column to the tooltips field | D. Add the on-time delivery column to the small multiples field;"C
E";Certspilot.pdf
www.dumpsgate.com Questions and Answers PDF 24/101 You create a Power BI report with a line chart as per the below exhibit. How do you add the dotted horizontal line for the mean values?;A. Add a fixed forecast line for the time series in the analytics pane | B. Add an Average line for Sales Total in the analytics pane | C. Add a trend line across years in the analytics pane | D. Add a min line in the analytics pane;"B
E";Certspilot.pdf
You have built several DAX measures. A senior Power BI member of your team asks you to improve the performance and readability of the below DAX expression? How would you achieve this goal? Annual Sales Growth % = DIVIDE( ([Sales] - CALCULATE([Sales], PARALLELPERIOD('Date'[Date], -12, MONTH))), CALCULATE([Sales], PARALLELPERIOD('Date'[Date], -12, MONTH)) ) www.dumpsgate.com Questions and Answers PDF 25/101;A. Replace DIVIDE with a simple divide calculation using the '/' symbol | B. Instead of PARALLELPERIOD(), use DATEADD() | C. Mark date table as date | D. Use VARIABLES and a RETURN statement;"D
E";Certspilot.pdf
You work for a forklift manufacturer. You are building a data model in Power BI and have a sales table as per the below exhibit. Within the sales table, there is a field called Model. How would you complete the DAX expression below to generate a Model table? What would you fill in for the [VALUE] fields starting from left to right? Model Table = [VALUE] ( [VALUE] );A. CALCULATE / Sales[Model] | B. DISTINCT / Sales[Model] | C. CALCULATE / (Sales[Model] , Model = “XPR”) | D. DISTINCT / Sales[Model Desc];"B
E";Certspilot.pdf
You work for an eCommerce company that sells ergonomic office products. You are tasked with creating a Power BI report from your company's transactional sales data in a table called 'ergoSales'. Before you do anything with the data, you want to check that there are no negative amounts in the 'ergoSales'[quantity] field. What is the most efficient way to check your data for negatives before creating the data model?;A. Select Column profile and then click on 'ergoSales'[quantity] | B. Select Column quality and then click on 'ergoSales'[quantity] | C. Click on 'ergoSales'[quantity] and select replace values | D. Create a custom column using a conditional statement to filter negatives out;"A
E";Certspilot.pdf
You work for a diesel engine company as an internal Power BI consultant. You have two tables as per the below exhibit. There are no unique values in either table. However, the tables are related by Model Name. You need to create relationships in the data model to enable a visual containing data from both tables. How would you model these two tables in the most efficient manner? www.dumpsgate.com Questions and Answers PDF 27/101;A. Set the relationship between the two tables as one-to-one | B. Set the relationship between the two tables as many-to-many | C. Create a bridging table using unique IDs and create two one-to-many relationships | D. Set the relationship between the two tables as one-to-many;"B
E";Certspilot.pdf
You work for a manufacturing company with a metric called Supplied in Full on Time (SIFOT). In Power BI, you have built a dashboard to help management keep track of key summary data and metrics. One of your visuals is a gauge chart that shows the SIFOT values. The management team want a notification to www.dumpsgate.com Questions and Answers PDF 28/101 be sent when SIFOT drops below 85%. You need to configure email alerts to management when this happens. Which four actions should you perform to create this alert?;A. Select + Add alert rule, ensure the Active slider is set to On | B. In the alert conditions choose 'below' and enter in a value of 85 | C. Choose More options on the SIFOT gauge visual and select Manage alerts | D. In the dropdown for notification type, select email | E. In the alert conditions choose 'below' and enter in a value of 0.85;A,C,E,;Certspilot.pdf
You are the head of analytics for a software company, and you want to understand the importance of factors that drive sales in your pre-sales team. What visual in Power BI can help you achieve your goal?;A. Custom R Dumbell Plot | B. Q&A | C. Decomposition Tree | D. Key Influencers;"D
E";Certspilot.pdf
You are editing the 'Model' column in a 'product' table Power Query. You need to replace instances of 'LL Road Frame' with 'JJ Roadster' and the previous step is 'Changed Type.' What M code functions would you use for the two [VALUE] fields? www.dumpsgate.com Questions and Answers PDF 29/101;"A. = Table. [VALUE] (#""Changed Type"",""LL Road Frame"",""JJ | B. Roadster"",Replacer. [VALUE],{""Model""}) | C. ReplaceValue / ReplaceText | D. ReplaceRows / ReplaceText | E. ReplaceText / ReplaceValue";"C
E";Certspilot.pdf
You work in the marketing division for a sports apparel company. You have a sales fact table and multiple dimension tables as per the below exhibit. The head of marketing wants to encourage self- service analytics within the company and asks that you set up Q&A in the reports. Which of the following configurations will allow Q&A to work in your data model?;A. Object level security with any type of data source | B. Import | C. Composite models | D. Reporting Services;"B
E";Certspilot.pdf
You have sales data by day in a time series chart and need to produce a 25 day forecast with a 90% confidence interval as per the below exhibit. There are some data anomalies in the last 5 days of data that you want to ignore for the forecast. Select the THREE actions required to create the forecast.;A. Set forecast length to 25 months and ignore last 5 months | B. Go to the analytics pane and under forecast select '+ Add' | C. Set the seasonality interval to 90% and click on apply | D. Set forecast length to 25 points and ignore last 5 points | E. Set the confidence interval to 90% and click on apply;"B,D,E
E";Certspilot.pdf
You have a busy report page called Sales and decide to use a detailed chart in a separate page using the drill through feature. The Sales page shows a visual of total sales by month. When you click on drill through on the sales by month chart, it should redirect to a detail page called Sales Detail that shows sales for the selected month by category. The Sales Detail page should also preserve the filters from the original sales page. What FOUR actions should you perform?;A. On the Sales Detail page, under drill through option add month as the drill through field | B. On the Sales page, under drill through option add month as the drill through field | C. Create a new page called Sales Detail | D. On the Sales Detail page under Drill through, toggle Keep all filters on | E. Create a table visual to show total sales by month and category;"A,C,D,E
E";Certspilot.pdf
You are asked to present your findings on your company's warehousing performance across several years. You have a number of column and line charts and a date slicer. You decide you will create a presentation using Power BI and will create a narrative using the date slicer. What should you do to save the views across different years for your presentation?;A. Create page level filters and create a new groups | B. Filter the charts using the date slicer, then create bookmarks | C. Create drill throughs for each of the warehouse charts | D. Create report level filters and create a new groups;"B
E";Certspilot.pdf
You work in a marketing department as a Power BI professional. You are asked to create three different types of visuals for the marketing department. Which visualization should you use for the below three requirements?;A. 1. Show progress of conversion rates against a target | B. 2. Identify outliers in sentiment scores | C. 3. Show the factors that influence sentiment scores | D. KPI / Waterfall / Treemap | E. Card / Scatter / Funnel;;Certspilot.pdf
You have built a report with multiple visuals for your food manufacturing company. As many senior members are often on the road, they ask that the reports be available for mobile devices. You need to optimize the report for mobile devices for the most critical visuals. Which three things can you do to optimize reports for mobile?;A. Set slicers to be responsive | B. Add the most important visuals to the mobile canvas | C. Set the page size as tablet or smartphone | D. Resize the visuals to fit the mobile canvas | E. Add haptic feedback (vibration) for when a user taps a visual;"A,B,D
E";Certspilot.pdf
You work for a College Football team as a Power BI sports analyst. You have built a report in Power BI Desktop that contains many visuals. The coaching team is pleased with the content of the visuals but wants the colors to match the college's color style guide. What should you do?;A. Adjust the report CSS file | B. Customize the current theme | C. Change the fonts on each text box | D. Change the colors on each visual;"B
E";Certspilot.pdf
You work for a microbrewery as head of data visualization. You have a Power BI data model that relies on several Excel files that reside on your company's internal server. You are emailed a new Excel workbook from the CEO that contains updated data. You place the new Excel workbook on your server and append the text 'v1.2' to the name. For each of the following statements, select Yes if the statement is true. Otherwise, select No.;A. Yes / No / No | B. Yes / No / Yes | C. No / Yes / Yes | D. No / Yes / No;"A
E";Certspilot.pdf
Your company uses Power BI Premium and your manager wants to create printed invoices. However, the reports must fit perfectly on a page. What would you suggest to your manager?;A. Change the page view in Power BI Desktop | B. Use paginated reports | C. Use gridlines and snap to grid | D. Use lock objects;"B
E";Certspilot.pdf
You work in a shoe company's reporting team and have been tasked with building a Power BI report showing procurement analytics. You have an on-premises Microsoft SQL Server database that you use to build the procurement report using a DirectQuery connection. You thoroughly test the report and then upload it to Power BI Service. However, once in Power BI Service, the visualizations no longer work. How would you solve this problem?;A. Change the permissions on your Microsoft SQL Server database | B. Upgrade your Power BI Desktop | C. Install an on-premise data gateway | D. Install Power BI Report Builder;"C
E";Certspilot.pdf
You work as a BI analyst for a software company that allows users to manipulate images online. You have built a report that shows the conversion from free customers to premium customers. Your boss has asked you to provide a filter for the 'marketing' industry. Solution: · Apply a filter on all pages of the report for the 'marketing' industry · Share the report · Mark share report with current filters and slicer options Does this solution meet the requirements?;A. YES | B. NO;"A
E";Certspilot.pdf
CASE 1 You work as a BI analyst for a software company that allows users to manipulate images online. You have built a report that shows the conversion from free customers to premium customers. Your boss has asked you to provide a filter for the 'marketing' industry. Solution: · Create a text parameter for industry · Set the parameter equal to 'marketing' · Create a query parameter on the industry column Does this solution meet the requirements?;A. YES | B. NO;"A
E";Certspilot.pdf
CASE 1 You work as a BI analyst for a software company that allows users to manipulate images online. www.dumpsgate.com Questions and Answers PDF 36/101 You have built a report that shows the conversion from free customers to premium customers. Your boss has asked you to provide a filter for the 'marketing' industry. Solution: · Add a slicer to the report and select the 'marketing' industry · Sync slicers to all relevant pages of the report Does this solution meet the requirements?;A. YES | B. NO;"A
E";Certspilot.pdf
CASE 2 You work for a financial institution, and you have built a data model and report in Power BI desktop. The report ran fine during testing, but when in production, users are complaining of performance issues. How can you improve the model's performance? Solution: Hide intermediate tables in the model view Does this help improve performance?;A. YES | B. NO | C. Explanation: Hiding intermediate tables does not affect the performance of the model. Hiding tables;B;Certspilot.pdf
CASE 2 You work for a financial institution, and you have built a data model and report in Power BI desktop. The report ran fine during testing, but when in production, users are complaining of performance issues. How can you improve the model's performance? Solution: Convert source PO text column into a number by removing prefix, e.g. 'PO12399' to 12399 Does this help improve performance?;A. YES | B. NO | C. Explanation: Removing the PO prefix and converting the column to a whole number reduces the;A;Certspilot.pdf
CASE 2 You work for a financial institution, and you have built a data model and report in Power BI desktop. The report ran fine during testing, but when in production, users are complaining of performance issues. How can you improve the model's performance? Solution: Remove unnecessary columns Does this help improve performance?;A. YES | B. NO | C. Explanation: Removing unnecessary columns reduces the model size and increases performance.;A;Certspilot.pdf
CASE 3 You have the schema for the tables used in a bicycle franchise. In your role as a BI consultant, you have been asked to generate some insights from the data. Company data schema: www.dumpsgate.com Questions and Answers PDF 38/101 You are asked to create a visualization for the sales by product. However, what should you do before creating a relationship?;A. Change the data type of Sales[ProductKey] to fixed decimal | B. Create a calculated column of Product[ProductKey] | C. Change the data type of Product[ProductKey] to whole number | D. Create a measure for the sum of Sales[Order Quantity];"C
E";Certspilot.pdf
CASE 3 You have the schema for the tables used in a bicycle franchise. In your role as a BI consultant, you have been asked to generate some insights from the data. Company data schema: www.dumpsgate.com Questions and Answers PDF 40/101 The product table's color column has abbreviations as well as names. For instance, there is both Black and BLK. What do you need to do to ensure consistency in the color column?;A. Export the table to Excel | B. Use replace values in the transform ribbon in Power Query Editor | C. Edit the source applied step in M code | D. Remove duplicates in Power Query Editor;"B
E";Certspilot.pdf
CASE 3 You have the schema for the tables used in a bicycle franchise. In your role as a BI consultant, you have been asked to generate some insights from the data. Company data schema: www.dumpsgate.com Questions and Answers PDF 41/101 When reviewing the customer table, you find that some of the postcodes appear to be missing. For instance '0800' does not seem to exist. What do you need to do to ensure all the Postcodes from the original data are in your model?;A. Use 'add columns from examples' to fix discrepancies | B. Use 'transform' and then adjust the rounding | C. Go to the transform ribbon and click on 'Use first row as header' | D. Make sure the postcode data type is 'text' and not 'whole number' | E. Explanation: If the original data uses '0' as a prefix for some post codes, converting to a whole;D;Certspilot.pdf
CASE 3 You have the schema for the tables used in a bicycle franchise. In your role as a BI consultant, you have been asked to generate some insights from the data. Company data schema: www.dumpsgate.com Questions and Answers PDF 43/101 You have been asked to add a column for profit, revenue – price. What steps do you need to do to calculate profit in the model?;A. Unpivot the Unit Price column -> Create custom column named Profit -> Set formula Sales Amount | B. Create custom column named Profit -> Set formula Sales Amount – (Order Quantity * UnitPrice) -> | C. Duplicate the Order Quantity Column -> Create a new column and multiply duplicated column by | D. Create a Group By on SalesOrderLineKey -> Sum by Sales Amount and rename Profit -> Subtract;"B
E";Certspilot.pdf
You have some new staff joining your Power BI team. To help them get started in Power BI Desktop, you want to create a way for them to connect to the data sources that you are using on in your project. All they will need to do to connect to the data is enter their user credentials to authenticate. How can you achieve this?;A. Create a dynamic M query | B. Use an Excel Macro to build connections | C. Create a PBIDS file with your key data sources | D. Create a template in lineage view | E. Explanation: You can create a PBIDS file to streamline the experience for new or beginner report;C;Certspilot.pdf
You use an R script to build a custom visual. However, you find that you cannot see data marked 'N/A' and you are getting an error when importing your data as a list. What could be TWO reasons for these issues? www.dumpsgate.com Questions and Answers PDF 44/101;A. 'NA' is transformed into 'NULL' by Power BI | B. You have not used the correct R version | C. Power BI only supports R dataframes | D. You need to first install the library 'tidyr';"A,C
E";Certspilot.pdf
You have an inactive relationship between your date table and your shipping table. How would you use an inactive relationship in a measure?;A. Use the LOOKUPVALUE() function | B. Delete the active relationship and make the new relationship active | C. Use the USERELATIONSHIP() function | D. Change the crossfilter direction to both in the modelling tab | E. Explanation: The USERELATIONSHIP() function specifies an existing relationship to be used in the;C;Certspilot.pdf
Your client has asked you whether you can create data alerts for all of the key visuals on your dashboard. Which two visuals can you NOT create a data alert.;A. Funnel chart | B. KPI chart | C. Stacked column chart | D. Gauge chart | E. Card chart;"A,C
E";Certspilot.pdf
www.dumpsgate.com Questions and Answers PDF 45/101 You build a key influencers visual and you want to see how sales amount is affected by product category and product color. How do you complete the three fields below?;"A. Analyze -> Sales[Sales Quantity]; Explain by -> Product[Category], Product[Color] | B. Analyze -> Sales[Sales Amount]; Expand by -> Product[Category], Product[Model] | C. Analyze -> Sales[Sales Quantity]; Explain by -> Product[Category]; Expand by -> Product[Color] | D. Analyze -> Sales[Sales Amount]; Explain by -> Product[Category], Product[Color] | E. Explanation: As we want to analyze the sales amount, use Sales[Sales Amount] in the analyze well.";D;Certspilot.pdf
You work for NASA's Supply Chain division. NASA purchases parts for the international space station. There are two key tables: SpaceStationInventory and DateTable. The SpaceStationInventory table contains the inventory counts for the parts and the date of the counts. The DateTable is a date table you created using M code. The Supply Chain division works Monday to Friday and is closed on state and federal holidays. As senior BI specialist you have been tasked to show the inventory level for the international space station warehouse on the last day of each month. Which DAX function will meet your requirement?;A. CALCULATE( SUM(SpaceStationInventory[Inventory Count]), | B. CLOSINGBALANCEMONTH( SUMX(SpaceStationInventory[Inventory Count]), | C. CALCULATE( SUM(SpaceStationInventory[Inventory Count]), | D. CALCULATE( SUM(SpaceStationInventory[Inventory Count]), | E. Explanation: The LASTDATE DAX function returns the last non blank date. We want the inventory;C;Certspilot.pdf
You work for an electric car manufacturer and you need to import a Supplier table into your data model. The Supplier table list the supplier id, full name, short name and address. When reviewing the data in Power BI, you want to check the distinct and unique rows for each column.;A. Column profile | B. Monospaced | C. Column distribution | D. Show whitespace | E. Column quality;C;Certspilot.pdf
You work for a large multinational company that has 23 departments. You have been tasked with creating a report with all the first aid trained staff . You need to create the same report for each department. How can you create the same report for each department in the most efficient manner?;A. Create separate Power BI Desktop report for each department and email the PBIX file | B. Add a parameter to the report to filter department | C. Create a separate workspace for each department and create a report in each | D. Create a separate dataset for each department and add a separate report | E. Explanation: You can add a parameter on the report to filter the department. This allows you to use;B;Certspilot.pdf
You have produced reports for a space tourism startup. The founder is thrilled with the Power BI service setup. However, he has some questions on how to promote and secure the datasets to other users in the company. His three requirements are below: 1. When Power BI Service launches, I want the competition report to be displayed on their screen. 2. For the financial dashboard, I want the classification of the data clearly displayed. 3. I want you to highlight particular reports because it is valuable and worthwhile for others to use. I also don't want you to ask permission from the Power BI Admin each time. For the above requirements, them as either: · Certified · Promoted · Featured · Sensitivity Label;A. Promoted / Certified / Featured | B. Sensitivity Label / Featured / Promoted | C. Featured / Sensitivity Label / Promoted | D. Certified / Sensitivity Label / Promoted | E. Explanation: When a report is marked as featured, it will appear on the Power BI home page.;C;Certspilot.pdf
You work for an electric scooter manufacturer. You have a report with five pages, and you have been asked to filter all five pages when you select a particular scooter category on the first page. What are the two ways you could do this?;A. Add a page level filter on all five pages | B. Create a report level filter using category in the 'Filter all pages' well | C. Use a single button and set the action type to bookmark | D. Select paginated report and configure the settings | E. Create a slicer for category on each page and then Sync slicers on all pages;"B,E
E";Certspilot.pdf
A colleague built a Power BI desktop report. Your colleague imported a flat file into Power BI from his local machine. You have inherited the Power BI report and you need to update the source for the file. How would you go about this?;A. On the home ribbon, click on properties and change the file path | B. Click on the Applied step 'source' and click on the cog to change the file path | C. On the home ribbon, click on manage -> then file, then change the file path | D. Click on the Applied step 'changed type' and click on the cog in the corner to change the file location;"B
E";Certspilot.pdf
A colleague calls you for help. She wants to build an app in Power BI and asks you how to publish the app. www.dumpsgate.com Questions and Answers PDF 49/101 What are the three most important parts of publishing an app? Select THREE from the below.;A. On the permissions tab, decide who has access to the app | B. On the title tab, fill in the name and description to help people find the app | C. Before releasing the app, create a digital signature, so people know who built the app | D. On the navigation tab, select the content to be visible in the app | E. Click the Sync to organization button;A,D,;Certspilot.pdf
Your client asks you to connect to their procurement department's Azure Analysis Service. You call up their data analyst, and he asks you what you need for the connection. What do you need to make the connection and what type of query connection can you use? Select the THREE correct responses.;A. Connection Requirement: Server name, e.g. asazure://westcentralus.asazure.windows.net/abc | B. Connection Requirement: Admin name | C. Connection Option: Import | D. Connection Option: Dual | E. Connection Option: Direct Query;A,C,;Certspilot.pdf
You are a BI analyst for a digital marketing company. You have built a complex report that requires many custom DAX measures and tables. After releasing your report, senior management complains that it takes too long to load some key visuals. www.dumpsgate.com Questions and Answers PDF 50/101 How would you identify the cause of the poorly performing report elements?;A. Use the Dataverse button to drill into likely performance issues | B. Use the Performance Analyzer to examine report element performance | C. Use the cross report drillthrough feature to examine performance across the report | D. Run an R script to determine the performance issues in report elements;"B
E";Certspilot.pdf
You have a Premium workspace at your company and you want to use automatic page refresh. What are TWO key considerations to enable automatic page refresh?;A. Use must first disable sharing of your workspace | B. Your capacity administrator must enable the feature | C. Your interval must be greater than the minimum refresh interval | D. Refresh time in a premium capacity is rounded to the nearest 30 minutes;"B,C
E";Certspilot.pdf
A medical devices company has contracted you to investigate their transportation provider's performance. The company has a series of metrics they use to monitor the transporation provider's performance, including on-time pickup, on-time delivery, billing accuracy etc. You are asked to find potential factors that contribute to the transportation provider's performance. What sort of visualization can help?;A. Scatter chart | B. Q&A chart | C. Key influencers chart | D. Decomposition tree chart;"C
E";Certspilot.pdf
The board of your company would like to see a report on their mobiles. So you go ahead and optimize the report for mobile. For each of the following statements, select Yes if the statement is true. Otherwise, select No.;A. Yes / No / No | B. No / No / Yes | C. Yes / Yes / No | D. Yes / No / Yes;"D
E";Certspilot.pdf
You discover a quality data source on your company's Azure SQL database. You decide to connect using direct query to the database. What two things are necessary to successfully connect?;A. Specify the fully qualified server name when connecting | B. Ensure firewall rules for the database are configured to 'allow access to Azure services' | C. Select automatic schema change detection | D. Tiles are refreshed once per day, so you must configure the schedule refresh;"A,B
E";Certspilot.pdf
Your company buys out a transportation company. You find that the company has several tables for customer records, all with the same structure and headings. You need to combine these tables to form a new single table for a customer segmentation analysis prior to merging the data into the parent company's system. What transformation should you use?;A. Merge queries | B. Append queries as new | C. Append queries | D. Merge queries as new;"B
E";Certspilot.pdf
You are asked by management to allow a consultant's custom Power BI visual. However, by default, management wants no custom visuals. How would you enable the consultant's visual while maintaining the default requirement in the most efficient manner?;A. Temporarily disable the tenant setting for custom visualization | B. Use Power BI Desktop .pbiviz files with the custom visual | C. Add the custom visuals to the organizational store | D. Build a separate Power BI service instance for the custom visual;"C
E";Certspilot.pdf
What Text Analytics AI Insights are NOT available in Power BI.;A. Language Detection | B. Sentiment Analysis | C. Key Phrase Extraction | D. Word Sense Disambiguation;"D
E";Certspilot.pdf
You create a Power BI report for a software company that uses AI for transportation companies. The company has a sales team across several countries and you create row-level security (RLS) in the model. Sales managers are restricted to access the data from their own country. In Power BI Desktop you create roles for each country e.g. USA, Canada, UK, France etc. You add a DAX expression for each role in the region table to filter country. You then add an Azure Active Directory security group for the country to each role. A new user starts in France. What do you need to do for the new user such that they can only see the sales data for France?;A. In Power BI Desktop, edit the DAX expression on the role for France | B. In Power BI Service, change the Power BI workspace security and change the user's email address | C. Add the user to the Azure Active Directory for France | D. In Power BI Service, use 'test as role' and use the email address of the new employee;"C
E";Certspilot.pdf
You build a dashboard that has an important gauge visual for a furniture manufacturer. The head of manufacturing want an alert whenever the gauge exceeds a certain value. What are the two options for configuring an alert in Power BI Service?;A. Use Microsoft Dataverse alert API | B. Send an email | C. Send a notification to mobile | D. Use Microsoft Power Automate to trigger additional actions;"B,D
E";Certspilot.pdf
What is NOT part of the Power BI Service dashboard theme?;A. Dark | B. Light | C. Color-blind friendly | D. Custom | E. Tab-order friendly;"E
E";Certspilot.pdf
You decide to add a KPI visual for your company's dashboard. You need to show total units this year, show the historic values at a monthly level and for the comparison use total units last year. What fields should be used from the exhibit below in the KPI wells: Indicator, Trend Axis and Target Goals? www.dumpsgate.com Questions and Answers PDF 55/101;A. Indicator: Sales Units This Year , Trend axis: Fiscal Month , Target Goals: Sales Units This year | B. Indicator: Sales Units This Year , Trend axis: Fiscal Month , Target Goals: Sales Units Last year | C. Indicator: Sales Units Last Year , Trend axis: Fiscal Month , Target Goals: Sales Units This year | D. Indicator: Sales Units This Year , Trend axis: Fiscal Year , Target Goals: Sales Units Last year;"B
E";Certspilot.pdf
You import a customer table from a flat file into your data model. You have been asked to investigate the performance of your model and decide to check all the data sources 'view native query' . When you come to the customer table, you find that the 'view native query' does not display. What is a possible cause for 'view native query' being disabled?;A. Flat files do not support query folding | B. In the transformation, there is a promoted headers step that blocks the native query | C. You have used import as the storage mode | D. There is row-level security on the dataset;"A
E";Certspilot.pdf
Please complete the below sentence. If your dataset resides on a Premium capacity you can schedule up to refreshes per day in the settings. You can also trigger an refresh by selecting Refresh now in the dataset menu.;A. 24 / Power BI Desktop dataset / on-demand | B. 16 / Power BI Service dataset / auto | C. 8 / Power BI Service dataset / auto | D. 48 / Power BI Service dataset / on-demand;"D
E";Certspilot.pdf
You create a report for a hospital and use row-level security (RLS) for doctors to view their metrics and salary using a 'doctors' role. You also create a 'hospital manager' role that can see all the data. The employee table you use for RLS has id, name, role and email address. For each of the following statements, select Yes if the statement is true, otherwise select No.;A. Yes / Yes / No | B. Yes / Yes / Yes | C. Yes / No / No | D. No / Yes / No;"A
E";Certspilot.pdf
You import the below Transport table into your model and have been instructed to find the totals across destination ZIP codes. Which summarization option would you recommend for aggregating the below three columns? · DestinationZIP · Weight · Units;A. MAX / NONE / SUM | B. COUNT / SUM / NONE | C. NONE / SUM / SUM | D. NONE / MAX / SUM;"C
E";Certspilot.pdf
You work as a BI engineer at an Oil and Gas company. You are asked to calculate a year to date calculation on the sales across your dataset. You have generated a date table using M code that has the date and year field. You also have a calculated measure called 'Sales Total' which is the sum of the sales amount. See the exhibit below for the desired output in the column 'Sales YTD'. What are two ways to calculate the year to date sales from your data? www.dumpsgate.com Questions and Answers PDF 58/101;A. CALCULATE ( [Sales Total], | B. TOTALQTD([Sales Total],'Date'[Date]) | C. 'Date',;"A,B
E";Certspilot.pdf
Your manager at a construction materials company wants to know how category sales have changed over time with an animation. You decide that a chart with an animation to show changes across months would help visualize the data. How would you go about achieving this objective?;A. Create a line chart and add month to the axis well | B. Create a waterfall chart and add month to the breakdown well | C. Create a scatter chart and add month to the play axis well | D. Create a tree map and add month to the details well;"C
E";Certspilot.pdf
You are asked to create a measure to calculate the sales amount including the value added tax with the ability to go to the lowest level of detail (row level.) In addition, the value added tax is only relevant for order dates after Jan/1/2018. Prior to 2018, there is no tax applicable. See the exhibit below as an example of the output. How would you achieve this goal using a DAX expression? www.dumpsgate.com Questions and Answers PDF 60/101;A. SUM(sales[Sales Amount]) + SUM(sales[Sales Tax]) | B. SUMX(sales,if(sales[OrderDate]>=DATE(2018,1,1),sales[Sales Amount]+sales[Sales | C. SUMX(filter(sales,sales[OrderDate]>=DATE(2018,1,1)),sales[Sales Amount]+sales[Sales Tax]) | D. SUM(sales,if(sales[OrderDate]>='1/1/2018',sales[Sales Amount]+sales[Sales Tax],sales[Sales;"B
E";Certspilot.pdf
At your company, you are the Power BI administrator. Your company policy states that only DA-100 certified people are allowed to create new workspaces. The people who are DA-100 certified are grouped into a security group called DA100Workspace. You hire several new people who have recently completed their DA-100 certification and assign them to the DA100Workspace security group. The new users compain that they cannot create new workspaces. What three actions do you need to take in sequence in the admin portal to fix this issue? www.dumpsgate.com Questions and Answers PDF 61/101 Possible actions: i. Navigate to Power BI admin portal and select Tenant settings ii. Navigate to office 365 admin security and select settings iii. Choose specific security groups to apply to and add DA100Workspace iv. Click on Workspace settings and then click on create workspaces v. Click refresh;A. i / iv / iii | B. ii / iii / v | C. ii / iv / v | D. i / ii / iii;"A
E";Certspilot.pdf
You have built a dashboard for the board of a soft drink company. One of the board members has some ideas he wants to test with several visuals from a report page. However, he he wants to be able to immediatelty see the updates in the dashboard after you make changes. How would you go about doing this in the most efficient manner?;A. Create a new dashboard for every new request and pin the new tiles | B. Pin the report page as live to the dashboard | C. On the report page, select embed in dashboard | D. Create a hyperlink for the tiles and select embed in dashboard | E. Explanation: Pin the report page as live to a dashboard. Any changes you make to the visualizations;B;Certspilot.pdf
You work for a rapid fashion company and are tasked with calculating the percentage change in sales from last month. You are given a measure Sales Total that aggregates sales and you have date table you built in DAX. How would you calculate last month's sales percentage change? www.dumpsgate.com Questions and Answers PDF 62/101;A. VAR SalesLastMonth = CALCULATE([Sales Total],DATEADD('Date'[Date],-1,MONTH)) | B. VAR SalesLastMonth = CALCULATE([Sales Total], PARALLELPERIOD | C. VAR SalesLastMonth = CALCULATE([Sales Total], SAMEPERIODLASTYEAR ('Date'[Date]) ) | D. VAR SalesLastMonth = CALCULATE([Sales Total],DATEADD('Date'[Date],-1,MONTH)) | E. Explanation: You can use DATEADD to look 1 month backward using the notation;A;Certspilot.pdf
Senior management wants you to add data classifications to your dashboards to raise awareness with those viewing your dashboards about what level of security should be used. For each of the following statements, select Yes if the statement is true. Otherwise, select No.;A. Yes / Yes / Yes | B. No / Yes / No | C. No / No / Yes | D. Yes / No / Yes;"D
E";Certspilot.pdf
You have created a measure for the percentage of sales subcategory to sales and wish to apply conditional formatting as per the below exhibit. The rule you want to use is if the value is less than 10%, then shade the cell blue and if the value is greater than 10%, then shade the cell green. How would you complete the below conditional formatting table?;A. Format: 'Color Scale', Row 1: '0 / Number' and '10 / Number', Row 2: '10 / Number' and '100 / | B. Format: 'Field Value', Row 1: '0 / Percentage' and '10 / Percentage', Row 2: '10 / Percentage' and | C. Format: 'Rules', Row 1: '0 / Number' and '0.1 / Number', Row 2: '0.1 / Number' and '1 / Number' | D. Format: 'Color Scale, Row 1: '0 / Percentage' and '10 / Percentage', Row 2: '10 / Percentage' and;"C
E";Certspilot.pdf
You work for a wine maker who has a selection of white and red wines that are fermented in barrels. The process can take between 5 and 35 months. Your data set has columns for fermentation time, start and end date You need to create a bar chart that shows wine fermentation time in ranges of 5 months. When creating the bar chart, which four actions should you perform in sequence?;A. Select the fermentation time column, right click and select New Group -> Set Group type to Bin -> | B. Set Group type to list -> Select the fermentation time column, right click and select New Group -> | C. Select the fermentation time column, right click and select New Group -> Set the Bin type to count | D. Select the fermentation time column, right click and select New Group -> Set Group type to Bin -> | E. Explanation:;A;Certspilot.pdf
Your company has a current year target of last year's sales multiplied by an additional 10%. You have a www.dumpsgate.com Questions and Answers PDF 65/101 date table called 'date' and you have a measure to sum sales called 'Sales Total.' How would you go about creating a DAX measure to calculate this?;A. VAR PreviousYearSales = SUMX([Sales Total], SAMEPERIODLASTYEAR ('Date'[Date],-1,YEAR)) | B. VAR PreviousYearSales = CALCULATE([Sales Total],DATEADD('Date'[Date],-1,YEAR)) | C. VAR PreviousYearSales = CALCULATETABLE([Sales Total],DATEADD('Date'[Date],-1,YEAR)) | D. VAR PreviousYearSales = CALCULATE([Sales Total], PARALLELPERIOD;"B
E";Certspilot.pdf
You work for a cryptocurrency exchange as a BI analyst. You are tasked with creating a report for weekly trends across the asset ranges. Your source dataset has over 150 million rows. What two things can you do to optimize the report performance?;A. Use the Direct Query storage mode for the dataset | B. Only use line charts for visuals | C. Use the Import storage mode for the dataset | D. Do not use tab or layer order | E. Create a summary table in the source data grouped by weekly volumes;"A,E
E";Certspilot.pdf
You work for a bicycle manufacturer and you have created a bar chart with sales by category. Your boss wants to know the median sales, the 50th percentile of values in a column, rather than the total sales for each category. What are the two ways to achieve this goal?;A. Create a new measure using the MEDIAN DAX function on the sales column | B. In the analytics pane, add a trendline | C. In the chart values well, right click on sales and change the summarization to Median | D. Create a new measure using the Count (distinct) DAX function on the sales column | E. In the chart values well, right click on sales and change the 'show value as' to a percent of grand;"A,C
E";Certspilot.pdf
Your users give you feedback that they would like your reports to have more interactivity. You add some interactivity. To answer, select the following feature for each requirement from top to bottom. A feature may be used once, more than once, or not at all. Features: · Back button · Tab selection · Bookmarks · Edit interactions · Format pane www.dumpsgate.com Questions and Answers PDF 67/101;A. Tab selection / Format pane / Back button | B. Edit interactions / Bookmarks / Back button | C. Edit interactions / Tab selection / Back button | D. Bookmarks / Edit interractions / Back button;"B
E";Certspilot.pdf
You find that your visuals on a report page are taking a long time to load and you need to find the cause. You remember there is a way to get how each of your report elements, such as visuals and DAX formulas, are performing. What five actions should you take in sequence from the below set of potential steps. · Open performance analyzer and press start recording · Ineract with the visuals · Restart Power BI · Press stop and review results · Open query diagnostics and press start recording · Click on SQL Server diagnostics · Check enable diagnostics logging · Create a blank report page;A. Restart Power BI -> Open performance analyzer and press start recording -> Check enable | B. Create a blank report page -> Restart Power BI -> Click on SQL Server diagnostics -> Ineract with | C. Create a blank report page -> Restart Power BI -> Open performance analyzer and press start | D. Restart Power BI -> Open query diagnostics and press start recording -> Ineract with the visuals ->;"C
E";Certspilot.pdf
You have a dataset in Power BI Service, and you want to use Quick Insights to get some ideas for a dashboard. However, you notice that Quick Insights are not working. What are the three possible reasons why Quick Insights is not working?;A. You have uploaded data to Power BI | B. Your dataset uses Direct Query | C. Your dataset uses streaming | D. You have measures in your dataset | E. Your dataset is not statistically significant;"B,C,E
E";Certspilot.pdf
You have two visuals as per the below exhibit. You have the sales by year on the left, and on the right, you have sales by category. You need to configure the visual interaction between the two charts. www.dumpsgate.com Questions and Answers PDF 69/101 For each of the following statements, select Yes if the statement is true. Otherwise, select No.;A. Yes / No / Yes | B. Yes / No / No | C. No / No / Yes | D. Yes / Yes / No;"B
E";Certspilot.pdf
Your company has a Power BI Premium license and you want to use the AI features in your report to expose insights. Which of the following two statements is NOT true?;A. You can take a piece of text and return a list of key phrases | B. You can build your own machine learning models and use them in Power BI desktop | C. The decomposition tree requires a premium subscription | D. Sentiment Analysis is available for select languages | E. You cannot use Power BI to tag images;"C,E
E";Certspilot.pdf
You have created a dashboard you want to share with your suppliers to help with the data communications between your organizations. Your supplier has a Power BI Pro license and uses Power BI within their own organization as well. Prior to sharing your dashboard with your supplier, what do you first need to do?;A. Make sure your supplier has upgraded to Power BI Premium | B. In the tenant settings, enable email notification service for outages or incidents | C. In the tenant settings, enable share content with external users | D. Publish your dashboard to the web;"C
E";Certspilot.pdf
You work for a software company that enables cryptocurrency payments for retailers. The key tables you have for your company's reporting requirements are: 1. Date is a date table created in DAX 2. Countries is a geographic table that is rarely updated 3. Sales has the software sales to retailers and has many new records added every day Which storage model should you use for each of the three requirements from top to bottom? www.dumpsgate.com Questions and Answers PDF 71/101;A. Import / Import / Live Connection | B. Dual / Import / Live Connection | C. Dual / Import / DirectQuery | D. Import / Import / DirectQuery;"D
E";Certspilot.pdf
For your annual report, your company has produced a YouTube video. Your manager asks to add this YouTube video to your financial dashboard so the board members can see the video in the dashboard. How would you go about adding the YouTube video to your dashboard?;A. Add an image tile | B. Add a video tile | C. Add a text box tile | D. Add a custom streaming data tile;"B
E";Certspilot.pdf
You have a large Power BI dashboard for stock prices that display weekly performance. The data set goes back to 1985. When the dashboard refreshes it takes visuals too long to load. How would you optimize the model performance?;A. Add a personal gateway to your organization's dataset | B. Add a streaming tile to your dashboard | C. Adjust the time zone in the tenant setting | D. Configure incremental refresh;"D
E";Certspilot.pdf
Your country has created a register for confirmed cases of COVID-19. The data is recorded in a large Azure SQL Database and is updated continuously. You have been contracted as a consultant to assist your government in creating a dashboard to visualize the data in Power BI. How would you configure your connection to the COVID-19 database?;A. Create a script to continuously import the data | B. Connect to the data with Live Connection | C. Connect to the data with DirectQuery | D. Connect to the data with AI Insights;"C
E";Certspilot.pdf
You work for an electric engine manufacturer as a Power BI admin. You have two colleagues, Ray and Jane, who need access to your workspace. Ray will need to publish, unpublish, and change permissions for the apps. Jane needs to be able to publish reports to the workspace and delete content. What workspace roles should Ray and Jane be assigned?;A. Ray = Member / Jane = Contributor | B. Ray = Admin / Jane = Member | C. Ray = Member / Jane = Viewer | D. Ray = Member / Jane = Member;"A
E";Certspilot.pdf
Your company uses a transport provider that charges freight costs and fuel surcharge costs as per the below exhibit for the Transport table. How would you create a measure for the row-level average of the sum of freight and surcharge? www.dumpsgate.com Questions and Answers PDF 73/101;A. AVERAGE( Transport, Transport[Freight ($)] + Transport[Surcharge ($)]) | B. SUMX(Transport, Transport[Freight ($)] + Transport[Surcharge ($)]) | C. AVERAGEA( Transport, Transport[Freight ($)]) | D. AVERAGEX( Transport, Transport[Freight ($)] + Transport[Surcharge ($)]);"D
E";Certspilot.pdf
You are checking your data for errors and want to see the average and standard deviation for a column. What data quality option should you use?;A. Column quality | B. Column distribution | C. Column profile | D. Monospaced;"C
E";Certspilot.pdf
You are the Power BI admin at your company. You have assigned a colleague as a member role in your workspace. www.dumpsgate.com Questions and Answers PDF 74/101 What roles can she NOT perform?;A. Update an app | B. Manage dataset permissions | C. Update and delete the workspace | D. Allow others to reshare items;"C
E";Certspilot.pdf
You work in a warehouse for a large eCommerce company. You have a Power BI Premium dashboard of the key logistics metrics called daily shipments. You would like to receive a daily snapshot by email of the daily shipments dashboard. How can you achieve this goal?;A. Integrate the dashboard to Power BI Desktop | B. Ask the admin to add you as a contributor to the workspace | C. Subscribe to the dashboard | D. Turn on notifications on your instance of Power BI Service;"C
E";Certspilot.pdf
You are in Power Query Editor, and you see the below view across multiple columns. What data profile tool shows the image in the red box? www.dumpsgate.com Questions and Answers PDF 75/101;A. Column distribution | B. Column quality | C. Column histogram | D. Column profile;"A
E";Certspilot.pdf
You have two tables named Invoice and Geo that are connected through an active relationship using the GeoID field. You need to be able to filter the data from both the Geo table and from the Invoice table. I.e. you need the Invoice table filtered by Geo and the Geo table filtered by Invoice type. You have configured row-level security (RLS) so that Geographic leaders can only see the invoices from their region. You are having difficulty getting RLS working for the relationship between the Geo and Invoices. Which TWO actions should you perform to resolve this issue?;A. In the relationship view, set the cross filter direction to Single | B. In the relationship view, check apply security filter in both directions | C. In the relationship view, set the cross filter direction to Both | D. In the relationship view, uncheck make this relationship active;"B,C
E";Certspilot.pdf
You have four different data types and sizes. Select which file / files CAN be imported into Power BI Service without Premium capacity. www.dumpsgate.com Questions and Answers PDF 76/101;A. json – 200 MB | B. csv – 1.5 GB | C. txt – 500 MB | D. xlsx – 2.1GB;"A,C
E";Certspilot.pdf
Your company plans to use dataflows to process the data stored in the Common Data Service to prepare for Power BI reports and Dashboards. Where should you store the dataflows?;A. Common Data Model folder | B. Azure Data Lake Gen2 | C. Sharepoint | D. Azure SQL Server;"B
E";Certspilot.pdf
You are a Power BI User Admin. Which TWO tasks can you perform?;A. Manage subscriptions | B. Create and manage users and groups | C. Enable and disable Power BI features | D. Reset user passwords;B,D;Certspilot.pdf
You want to share a dashboard with external guest users from another business. How would you share content with external users?;A. Invite external guests through the Azure Active Directory B2B | B. Click share directly from the dashboard | C. Go to the Power BI admin tenant setting and add the emails for the external users | D. Modify the workspace permissions to allow for the external users;"A
E";Certspilot.pdf
You think that a decomposition tree may be useful for your analysis. What TWO things does a decomposition tree do?;A. Conduct root cause analysis | B. Segments that contribute to the selected metric value | C. Visualize data across multiple dimensions | D. Contrast the relative importance of factors;"A,C
E";Certspilot.pdf
You have an Inventory table and a Date table (see exhibit below) and need to calculate a semi-additive measure for the closing inventory value. How would you complete the below the [VALUE] field in the DAX expression? Last Inventory Level = www.dumpsgate.com Questions and Answers PDF 78/101 CALCULATE ( SUM ( Inventory[Quantity] ), [VALUE] ( [VALUE]) );A. MAX / Date[Date] | B. LASTDATE / Inventory[MovementDate] | C. LASTNONBLANK / Inventory[MovementDate] | D. LASTDATE / Date[Date];"B
E";Certspilot.pdf
You work for a Bike company and create a report of Sales and Category. You build a measure for the Sales % of Categories and want to add conditional formatting such that the colors for low values are red, center values are orange and high values are green. How would you achieve this goal? www.dumpsgate.com Questions and Answers PDF 79/101;A. Use conditional formatting with a Color scale using default settings | B. Use conditional formatting with Rules | C. Use conditional formatting with a Color scale and check the diverging setting | D. Use conditional formatting with Field values;"C
E";Certspilot.pdf
You are working on a fast moving R&D project for an autonomous vehicle company. You create a dashboard but find that management wants you to make quick changes to both content and layout that they can see immediately on the dashboard. Management is only comfortable using a dashboard. What should you do to achieve this goal?;A. Create an app | B. Add management to the workspace as viewer roles | C. Create a refresh schedule for twice a day | D. Pin the report as a live page;"D
E";Certspilot.pdf
You have worked hard to create a clean dataset of all your company's customer details, including address and geocode. The Senior Director in your division has asked that all people within your company are aware of the high-quality, authoritative customer dataset that meets all the company's standards. How can you achieve this goal?;A. Select Promote content | B. Ask authorized reviewers to Certify your content | C. Select Featured content on home | D. Create a new workspace with the high-quality data and add the entire company as members;"B
E";Certspilot.pdf
You have a time series chart for your sales and you need to display a line to show the direction the data has moved over your selected period. How would you add this black dotted line? See the exhibit below. www.dumpsgate.com Questions and Answers PDF 81/101;A. Add an Average line in the Analytics pane | B. Add a Trend line in the Analytics pane | C. Add a Forecast line in the Analytics pane | D. Add a Play Axis to the visual;"B
E";Certspilot.pdf
Your company is considering Power BI Report Server and you are asked if certain features are available. Which of the following three features are NOT available in Power BI Report Server?;A. Dashboards | B. Paginated reports | C. Q&A | D. Quick insights | E. Row-level security (RLS);"A,C,D
E";Certspilot.pdf
You work at a bike company and have two tables that use DirectQuery - Product and Category (see the below exhibit.) These two tables are joined with a relationship from Product to Category using the CategoryID column. To increase the efficiency in your join you decide to check 'Assume referential integrity' in the relationship. Will this help the join between your tables? www.dumpsgate.com Questions and Answers PDF 83/101;A. Yes | B. No;"B
E";Certspilot.pdf
You are designing a data model and have a Date table and a Sales table as per the below exhibit. You create an active relationship between Date[Date] and Sales[Delivery Date]. You also create an inactive relationship between Date[Date] and Sales[Order Date]. How would you create a measure with the inactive Order Date by filling in the correct DAX function in [VALUE]? CALCULATE ( [Sales Amount], [VALUE] ( Sales[Delivery Date], 'Date'[Date] ) );A. VALUES | B. SELECTCOLUMNS | C. RELATED | D. USERELATIONSHIP;"D
E";Certspilot.pdf
You are a Power BI consultant and you are doing some remote work for a mining company in Western Australia. You need to build a date table that starts from November 2010 and ends in December 2025. You decide you will use DAX to create a table. How should you create the DAX expression?;A. DATE ( 2010/11/1, 2025/12/31) | B. CALCULATE( CALENDAR(' 2010/11/1', '2025/12/31') ) | C. CALENDAR( DATE(2010,11,1), DATE(2025,12,31) ) | D. CALENDAR( 2010/11/1, 2025/12/31);"C
E";Certspilot.pdf
You import a TXT file that contains package delivery times. The format in the DeliveryDate column is in datetime format. For example, the first row is 2022-03-20 0831 EST. You want to analyze the dates, but you are not interested in the time stamp. How could you easily extract the date into a new column?;A. Use the TRIM function in a new column, then set the data type to Date | B. Use the VALUE function in a new column, then set the data type to Date | C. Add a Column by example and type 2022-03-20, then set the data type to Date | D. Use the CONCATENATE function in a new column, then set the data type to Date;"C
E";Certspilot.pdf
You work for an established mobile App game company, and you have a large dataset for in-app purchases. The dataset contains over 300k rows. What visual should you use to identify outliers in the data?;A. Key influencers | B. Decomposition tree | C. Scatter | D. Area;"C
E";Certspilot.pdf
One of your queries in Power Query Editor seems to be taking a lot longer to refresh than you expect. You need to understand what Power Query is doing at authoring and at refresh time. How would you go about this?;A. Run Performance Analyzer | B. Run Q&A | C. Run Query Diagnostics | D. Run the ALM toolkit;"C
E";Certspilot.pdf
You have created a supplier quality report and are asked to add row-level security to your data model. You decide to add dynamic row-level security that uses a user's email address. You have a column for a user's email address called UserEmail. What DAX function would you use to create a new role using the UserEmail field?;A. USEROBJECTID | B. USERPRINCIPALNAME | C. PATH | D. USERDOMAIN;"B
E";Certspilot.pdf
You work for a bank and have a large dataset for credit card transactions for a city. The data is in a Microsoft SQL Server database and has over 15 million rows. Before you use the dataset, you want to import a sample of the credit card data. How could you achieve this goal?;A. Import all the data and then add a filter to the data | B. Add a WHERE clause to SQL statement in the advanced options | C. Change the data connectivity option to TOPN | D. Check HEAD to sample data from the advanced options;"B
E";Certspilot.pdf
You have a slicer for categories in a vertical list. How can you get the same slicer into a horizontal list of buttons that automatically adapts to size changes, as per the below exhibit? www.dumpsgate.com Questions and Answers PDF 87/101;A. Add individual buttons and assign actions to each | B. Create several images and assign a bookmark | C. Change the orientation to Horizontal and toggle Responsive on | D. Change the orientation to Horizontal and change the background color;"C
E";Certspilot.pdf
You have a customer service database that has a feedback score from 1 to 5. You create a dashboard with a card visual for the daily feedback score average. The CEO wants to receive an alert if the average score falls below 3.5. How can he achieve this?;A. Write a custom script in R | B. Create a subscription | C. Create a data alert | D. In the tenant settings, add an email for service notifications;"C
E";Certspilot.pdf
CASE 1 You have built a report with many pages for a manufacturing company. Your client's feedback is that it is hard to navigate to the important pages of the report. You suggest creating a homepage with links to help guide users to important pages on the report. How would you go about building the homepage? Solution: · Add pictures that describe the report page · Set the image action type to 'Q&;A. Yes | B. No;"B
E";Certspilot.pdf
CASE 1 You have built a report with many pages for a manufacturing company. Your client's feedback is that it is hard to navigate to the important pages of the report. You suggest creating a homepage with links to help guide users to important pages on the report. How would you go about building the homepage? Solution: · Create a bookmark for each page · On the homepage, create buttons to link to those pages · On the button, change the action type to bookmark for the corresponding page Can this technique be used for the homepage?;A. Yes | B. No;"A
E";Certspilot.pdf
CASE 1 You have built a report with many pages for a manufacturing company. Your client's feedback is that it is hard to navigate to the important pages of the report. You suggest creating a homepage with links to help guide users to important pages on the report. How would you go about building the homepage? Solution: · Create shapes e.g. square, circle · Assign the shape's action to page navigation Can this technique be used for the homepage?;A. Yes | B. No;"A
E";Certspilot.pdf
CASE 2 You have a dataset for a market basket analysis as per the below exhibit. Each row represents a transaction, and each column contains an item purchased. For instance, in TransactionID 8 there are 3 products: Product1 = 'peanut butter', Product2 = frozen pizza' and Product3 =' ice cream'. www.dumpsgate.com Questions and Answers PDF 89/101 You need to transform your data into the below exhibit. The first column is TransactionID, the second is Attribute and the third column is Value. How would you transform the data into these 3 columns?;A. Select all columns -> Pivot columns | B. Select TransactionID -> Select Pivot columns | C. Select all columns -> Select Unpivot columns | D. Select TransactionID -> Select Unpivot other columns;"D
E";Certspilot.pdf
"CASE 2 For your Market Basket Analysis, you now need to create a new table with all possible combinations of products as per the below exhibit. What DAX function would you use in the [VALUE] position in the expression? Basket Analysis = FILTER( [VALUE] ( VALUES('MarketBasket'[Value]), SELECTCOLUMNS(VALUES(MarketBasket[Value]),""Value2"", [Value]) ), [Value]>[Value2] )";A. INTERSECT | B. EXCEPT | C. SUMMARIZE | D. CROSSJOIN;"D
E";Certspilot.pdf
www.dumpsgate.com Questions and Answers PDF 91/101 CASE 2 You want to use a custom network chart to display your market basket analysis called 'Network and add the Advanced Network Visual.' However, your company policy is to not allow custom visuals as a default. How could you enable this specific custom visual?;A. Temporarily allow all visuals | B. Add to organizational visuals | C. Reproduce the visual in R or Python | D. Place a request to Microsoft to add the custom visual to the standard charts;"B
E";Certspilot.pdf
CASE 3 You are a Supply Chain analytics manager and have data on customer fill rates. A fill rate is a KPI of the fraction of customer demand that is met through immediate stock availability. See the below exhibit for a sample of the 'FillRate' table. You need to restrict a visual to show the bottom 5 customers with the lowest fill rates. Solution: Create a measure of the bottom five customers using the TOPN function. Does this solution meet your goal? www.dumpsgate.com Questions and Answers PDF 92/101;A. Yes | B. No;"A
E";Certspilot.pdf
CASE 3 You are a Supply Chain analytics manager and have data on customer fill rates. A fill rate is a KPI of the fraction of customer demand that is met through immediate stock availability. See the below exhibit for a sample of the 'FillRate' table. You need to restrict a visual to show the bottom 5 customers with the lowest fill rates. Solution: Create a measure of the bottom five customers using the RANKX function. Does this solution meet your goal?;A. Yes | B. No;"A
E";Certspilot.pdf
CASE 3 You are a Supply Chain analytics manager and have data on customer fill rates. A fill rate is a KPI of the fraction of customer demand that is met through immediate stock availability. See the below exhibit for a sample of the 'FillRate' table. You need to restrict a visual to show the bottom 5 customers with the lowest fill rates. Solution: Apply a Basic Filter on the visual (Visual level filter) Does this solution meet your goal?;A. Yes | B. No;"B
E";Certspilot.pdf
You have a dashboard that is an important part of collaborative planning in your organization. Since the team is remote, you have been asked to allow users to provide feedback on the dashboard that will be visible to other team members. How would you achieve this goal?;A. Add sticky notes | B. Add comments | C. Add to group email | D. Add to alerts;"B
E";Certspilot.pdf
You have an HR dataset divided into regions. You use row-level security to ensure each manager can only see their region's data. After you publish your report to Power BI Service, an HR manager calls and complains they cannot see all their data in the APAC region. How would you verify what the HR manager is seeing in Power BI Desktop?;A. Validate the HR manager's role using 'View as' and select the region | B. Use Track user activities | C. Remove the HR manager from the role and re-assign | D. Send the user your Power BI Desktop file;"A
E";Certspilot.pdf
Your company has a Microsoft SharePoint site with all your manufacturing Bill of Materials (BOM) files in a subfolder. These files are all stores as Excel documents and have the same schema. As part of your analysis for the procurement team, you need to load all the Bill of Materials files together into a table in Power BI for analysis. You also need to edit some of the columns after the data has been loaded. How would you achieve this goal?;A. From Get data, select SharePoint folder, enter the URL and click import | B. From Get data, select SharePoint folder, enter the URL, navigate to the specific folder and Combine | C. From Get data, enter the URL, select SharePoint folder and navigate to the specific folder | D. From Get data, select SharePoint folder, navigate to the specific folder, select import or DirectQuery | E. Explanation: The steps to load a set of files from SharePoint with the same schema is:;B;Certspilot.pdf
You have a Date table with a date field called Date. You want to create a new column with the full month name and the year e.g. 03 October 2022. How would you create this DAX expression?;"A. FORMAT(Date[Date], ""D M Y"") | B. FORMAT(Date[Date], ""D MM YYYY"") | C. FORMAT(Date[Date], ""DD MMM YYYY"") | D. FORMAT(Date[Date], ""DD MMMM YYYY"") | E. Explanation: A “DD” will give a date field with a zero such as 03. A “MMMM” will give the full month";D;Certspilot.pdf
You have sales data for a bike company and you calculate a measure of the sales percentage within each category. You need to format the visualization to match the one shown in the exhibit. How should you configure the visual? www.dumpsgate.com Questions and Answers PDF 96/101;A. In conditional formatting select 'Sales % Category' and turn on background color | B. In conditional formatting select 'Sales Total' and turn on data bars | C. In conditional formatting select 'Sales % Category' and turn on data bars | D. In conditional formatting select 'Sales Total' and turn on background color;"C
E";Certspilot.pdf
You work for an airline company and have a dataset with a DirectQuery storage mode. You have built a report with several visuals on the page. Users complain of performance issues when using the visuals in the Power BI report. How would you optimize the report?;A. Under relationships, turn off security filters in both directions | B. Switch off single select under slicers | C. Switch off interactions between visuals | D. Remove any background images;"C
E";Certspilot.pdf
What data preview type would give you the below exhibit when you click on the Standard cost column?;A. Column quality | B. Monospaced | C. Column distribution | D. Column profile;"D
E";Certspilot.pdf
Your company is looking to expand your Power BI resources. Some of the feedback from your team is that it is hard to test Power BI Service dashboards fully prior to release. Is there a better way to handle the lifecycle of your Power BI report and dashboard creation? What is the best solution to achieve this goal?;A. Install Power BI Report server to test reports | B. Create a deployment pipeline across development, test and production stages | C. Create separate workspaces for your team across the reporting lifecycle | D. Change to paginated reports for your reporting lifecycle;"B
E";Certspilot.pdf
You have a product table, as per the below exhibit. You need to convert the Standard Cost column from a decimal number to currency. How would use achieve this using M code by replacing the below [VALUE] fields?;"A. =Table.[VALUE] (#""Promoted Headers"",{ {""ProductKey"", Int64.Type}, {""Product"", type text}, | B. C. TransformColumnNames / type decimal | D. TransformColumnNames / type number | E. TransformColumnTypes / Currency.Type";"E
E";Certspilot.pdf
You work for a cryptocurrency exchange and have a report of crypto transactions showing monthly trends. Your crypto transaction table has over 60 million rows. You need to optimize the report's performance. Which TWO actions should you perform?;A. Set the storage mode on the crypto transaction table to Import | B. Set the storage mode on the crypto transaction table to DirectQuery | C. Create a summary table in the data source with the transactions grouped by month | D. Limit visuals to bar and line charts;"B,C
E";Certspilot.pdf
You work for a sports company, and you build a Power BI data set with row-level security in the data model. The company is divided into three categories: footwear, apparel and equipment. In Power BI desktop, you create roles for each category and you add a DAX filter expression for each role on the product table. You add the Azure Active Directory security group for the category to each role. A new user starts in the equipment category. What is the best practice to ensure that the new user can only view equipment data?;A. Add the user to the Azure Active Directory for the Equipment Category | B. In Power BI Desktop, change the DAX filter for the role for the Equipment category | C. In Power BI Service, add the new user's email address to the Equipment category | D. Add the user's email to the workspace and change the role to a member;"A
E";Certspilot.pdf
You lead a Power BI team for a turbine manufacturer. Your boss has asked your team to develop a custom 'pbiviz' visual in Power BI that shades the turbine areas according to the number of defects. Before you put together a team to develop the custom visual, you look into the steps to develop a custom visual to understand the skills required. When setting up an environment for developing a Power BI visual, what software do you first need to install?;A. C++ | B. node.js | C. python | D. R | E. Explanation: To develop pbiviz files, you need to install node.js, a framework designed to build;B;Certspilot.pdf
You have recently set up Power BI Service at your company. One of the senior managers expresses concern about publishing reports to the web with sensitive data. What can you do to prevent users from publishing content on the web?;A. In the Admin portal, go to tenant settings and disable 'Allow content sharing with external users' | B. In the Admin portal, go to tenant settings and disable 'Publish to web' | C. In the Admin portal, disable 'Allow URL links' | D. In the Admin portal, enable 'Block embedded links';"B
E";Certspilot.pdf
www.dumpsgate.com Questions and Answers PDF 101/101 You insert a product table into your data model and you find that there are two text issues. 1. In the product description field, you need to make ALL characters lowercase 2. In the product model field, you need to remove trailing white spaces Which M code commands will help fix these issues?;A. Text.Lower / Text.Clean | B. Text.Proper / Text.Clean | C. Text.Lower / Text.Trim | D. Text.Proper / Text.Clean;"C
E";Certspilot.pdf
You need to create a calculated column to display the month based on the reporting requirements. Which DAX expression should you use?;"A. FORMAT('Date'[date], ""MMM YYYY"") | B. FORMAT('Date' [date], ""M YY"") | C. FORMAT('Date'[date_id], ""MMM"") & """" & FORMAT('Date'[year], ""#"") | D. FORMAT('Date' [date_id], ""MMM YYYY"")";;PL-300-Updated-Part-1.pdf
You need to create the required relationship for the executive's visual. What should you do before you can create the relationship?;A. Change the data type of Sales[region_id] to Whole Number. | B. In the Sales table, add a measure for sum(sales_amount). | C. Change the data type of sales[sales_id] to Text. | D. Change the data type of sales [region_id] to Decimal Number.;;PL-300-Updated-Part-1.pdf
What should you create to meet the reporting requirements of the sales department?;A. a measure that uses a formula of SUM (Sales [sales_id]) | B. a calculated column that use a formula of COUNTA(sales [sales_id]) | C. a measure that uses a formula of COUNTROWS (Sales) | D. a calculated column that uses a formula of SUM (Sales [sales_id]);;PL-300-Updated-Part-1.pdf
HOTSPOT You need to create a visualization to meet the reporting requirements of the sales managers. How should you create the visualization? To answer, select the appropriate options in the answer area. Scenario: The sales managers require a visual to analyze sales performance versus sales targets. Box 1: KPI A Key Performance Indicator (KPI) is a visual cue that communicates the amount of progress made toward a measurable goal.  Box 2: Sales[sales_amount] Box 3: Date[month] Time > FiscalMonth. This value will represent the trend. Box 4: Targets[sales_target] Reference: https://docs.microsoft.com/en-us/power-bi/visuals/power-bi-visualization-kpi;;;PL-300-Updated-Part-1.pdf
You need to provide a solution to provide the sales managers with the required access. What should you include in the solution?;A. Create a security role that has a table filter on the Sales_Manager table where | B. Create a security role that has a table filter on the Region_Manager table where | C. Create a security role that has a table filter on the Sales_Manager table where | D. Create a security role that has a table filter on the Sales_Manager table where;;PL-300-Updated-Part-1.pdf
You need to create relationships to meet the reporting requirements of the customer service department. What should you create?;A. an additional date table named ShipDate, a one-to-many relationship from | B. an additional date table named ShipDate, a many-to-many relationship from | C. a one-to-many relationship from Date[date_id] to Sales[sales_date_id] and another one-to-many | D. a one-to-many relationship from Sales[sales_date_id] to Date[date_id] and a one-to-many relationship | E. a one-to-many relationship from Date[date_id] to Sales[sales_date_id] and another one-to-many;"A
E";PL-300-Updated-Part-1.pdf
HOTSPOT You need to grant access to the business unit analysts. What should you configure? To answer, select the appropriate options in the answer area. NOTE: Each correct selection is worth one point. Explanation: Box 2: Build The analysts must be able to build new reports from the dataset that contains the profit and loss data. Scenario: The reports must be made available to the board from powerbi.com. The analysts responsible for each business unit must see all the data the board sees, except the profit and loss data, which must be restricted to only their business unit's dat a. The analysts must be able to build new reports from the dataset that contains the profit and loss data, but any reports that the analysts build must not be included in the quarterly reports for the board. The analysts must not be able to share the quarterly reports with anyone. Reference: https://www.nickyvv.com/2019/08/the-new-power-bi-workspace-viewer-role- explained.html;;;PL-300-Updated-Part-1.pdf
You need to recommend a strategy to consistently define the business unit, department, and product category data and make the data usable across reports. What should you recommend?;A. Create a shared dataset for each standardized entity. | B. Create dataflows for the standardized data and make the dataflows available for use in all imported | C. For every report, create and use a single shared dataset that contains the standardized data. | D. For the three entities, create exports of the data from the Power Bl model to Excel and store the data;B;PL-300-Updated-Part-1.pdf
DRAG DROP Once the profit and loss dataset is created, which four actions should you perform in sequence to ensure that the business unit analysts see the appropriate profit and loss data? To answer, move the appropriate actions from the list of actions to the answer area and arrange them in the correct order.  1 4 2 4 3 3 2 5 1 4 2 3 5;;E;PL-300-Updated-Part-1.pdf
What is the minimum number of datasets and storage modes required to support the reports?;A. two imported datasets | B. a single DirectQuery dataset | C. two DirectQuery datasets | D. a single imported dataset;;PL-300-Updated-Part-1.pdf
Which DAX expression should you use to get the ending balances in the balance sheet reports?;A. CALCULATE ( | B. CALCULATE ( | C. FIRSTNONBLANK ( 'Date' [Date] | D. CALCULATE (;;PL-300-Updated-Part-1.pdf
Note: This question is part of a series of questions that present the same scenario. Each question in the series contains a unique solution that might meet the stated goals. Some question sets might have more than one correct solution, while others might not have a correct solution. After you answer a question in this section, you will NOT be able to return to it. As a result, these questions will not appear in the review screen. You are modeling data by using Microsoft Power Bl. Part of the data model is a large Microsoft SQL Server table named Order that has more than 100 million records. During the development process, you need to import a sample of the data from the Order table.  Solution: You add a WHERE clause to the SQL statement. Does this meet the goal?;A. Yes | B. No;;PL-300-Updated-Part-1.pdf
Note: This question is part of a series of questions that present the same scenario. Each question in the series contains a unique solution that might meet the stated goals. Some question sets might have more than one correct solution, while others might not have a correct solution. After you answer a question in this section, you will NOT be able to return to it. As a result, these questions will not appear in the review screen. You are modeling data by using Microsoft Power Bl. Part of the data model is a large Microsoft SQL Server table named Order that has more than 100 million records. During the development process, you need to import a sample of the data from the Order table. Solution: You write a DAX expression that uses the FILTER function. Does this meet the goal?;A. Yes | B. No;;PL-300-Updated-Part-1.pdf
Note: This question is part of a series of questions that present the same scenario. Each question in the series contains a unique solution that might meet the stated goals. Some question sets might have more than one correct solution, while others might not have a correct solution. After you answer a question in this section, you will NOT be able to return to it. As a result, these questions will not appear in the review screen. You are modeling data by using Microsoft Power Bl. Part of the data model is a large Microsoft SQL Server table named Order that has more than 100 million records. During the development process, you need to import a sample of the data from the Order table. Solution: You add a report-level filter that filters based on the order date. Does this meet the goal?;A. Yes | B. No;;PL-300-Updated-Part-1.pdf
You have the visual shown in the Original exhibit. { Click the Original tab.) You need to configure the visual as shown in the Modified exhibit. (Click the Modified tab.) What should you add to the visual?;A. a measure | B. a trendline | C. a forecast | D. an Average line;"C
E";PL-300-Updated-Part-1.pdf
You plan to create the chart shown in the following exhibit. How should you create the dashed horizontal line denoting the 40th percentile of daily sales for the period shown?;A. Create a horizontal line that has a fixed value of 24,000. | B. Add a measure to the visual that uses the following DAX expression. | C. Add a new percentile line that uses Total Sales as the measure and 40% as the percentile. | D. Add a measure to the visual that uses the following DAX expression.;"C
E";PL-300-Updated-Part-1.pdf
You have a collection of reports for the HR department of your company. You need to create a visualization for the HR department that shows a historic employee counts and predicts trends during the next six months. Which type of visualization should you use?;A. scatter chart | B. ribbon chart | C. line chart | D. key influences;"C
E";PL-300-Updated-Part-1.pdf
You have the visual shown in the exhibit. (Click the Exhibit tab.)  You need to show the relationship between Total Cost and Total Sales over time. What should you do?;A. Add a play axis. | B. Add a slicer for the year. | C. From the Analytics pane, add an Average line. | D. Create a DAX measure that calculates year-over-year growth.;"A
E";PL-300-Updated-Part-1.pdf
HOTSPOT  You need to create a visual as shown in the following exhibit. The indicator color for Total Sales will be based on % Growth to Last Year. The solution must use the existing calculations only. How should you configure the visual? To answer, select the appropriate options in the answer area. NOTE: Each correct selection is worth one point.;;E;PL-300-Updated-Part-1.pdf
You build a report to analyze customer transactions from a database that contains the tables shown in the following table. You import the tables. Which relationship should you use to link the tables?;A. one-to-many from Customer to Transaction | B. one-to-one between Customer and Transaction | C. one-to-many from Transaction to Customer | D. many-to-many between Customer and Transaction;"A
E";PL-300-Updated-Part-1.pdf
HOTSPOT You are creating an analytics report that will consume data from the tables shown in the following table.  There is a relationship between the tables. There are no reporting requirements on employeejd and employee_photo. You need to optimize the data model What should you configure for employeejd and employee.photo? To answer, select the appropriate options in the answer area.;;E;PL-300-Updated-Part-1.pdf
HOTSPOT You are creating a Microsoft Power Bl imported data model to perform basket analysis. The goal of the analysis is to identify which products are usually bought together in the same transaction across and within sales territories. You import a fact table named Sales as shown in the exhibit. (Click the Exhibit tab.)  The related dimension tables are imported into the model. For each of the following statements, select Yes if the statement is true. Otherwise, select No. NOTE: Each correct selection is worth one point.  Reference: https://finance-bi.com/power-bi-basket- analysis/;;;PL-300-Updated-Part-1.pdf
You have a Microsoft Power Bl report. The size of PBIX file is 550 MB. The report is accessed by using an App workspace in shared capacity of powerbi.com. The report uses an imported dataset that contains one fact table. The fact table contains 12 million rows. The dataset is scheduled to refresh twice a day at 08:00 and 17:00. The report is a single page that contains 15 custom visuals and 10 default visuals. Users say that the report is slow to load the visuals when they access and interact with the report You need to recommend a solution to improve the performance of the report. What should you recommend?;A. Split the visuals onto multiple pages. | B. Implement row-level security (RLS). | C. Replace the default visuals with custom visuals. | D. Increase the number of times that the dataset is refreshed.;;PL-300-Updated-Part-1.pdf
DRAG DROP You have a Microsoft Power Bl workspace. You need to grant the user capabilities shown in the following table. The solution must use the principle of least privilege. Which user role should you assign to each user? To answer, drag the appropriate roles to the correct users. Each role may be used once, more than once, or not at all. You may need to drag the split bar between panes or scroll to view content. NOTE: Each correct selection is worth one point.;;E;PL-300-Updated-Part-1.pdf
You have four sales regions. Each region has multiple sales managers. You implement row-level security (RLS) in a data model. You assign the relevant distribution lists to each role. You have sales reports that enable analysis by region. The sales managers can view the sales records of their region. The sales managers are prevented from viewing records from other regions. A sales manager changes to a different region. You need to ensure that the sales manager can see the correct sales data. What should you do?;A. From Microsoft Power Bl Desktop, edit the Row-Level Security setting for the reports. | B. Change the Microsoft Power Bl license type of the sales manager. | C. Manage the permissions of the underlying dataset | D. Request that the sales manager be added to the correct Azure Active Directory group.;"D
E";PL-300-Updated-Part-1.pdf
You have a collection of reports for the HR department of your company. The datasets use row-level security (RLS). The company has multiple sales regions that each has an HR manager. You need to ensure that the HR managers can interact with the data from their region only. The HR managers must be prevented from changing the layout of the reports. How should you provision access to the reports for the HR managers?;A. Create a new workspace, copy the datasets and reports, and add the HR managers as members of the | B. Publish the reports to a different workspace other than the one hosting the datasets. | C. Publish the reports in an app and grant the HR managers access permission. | D. Add the HR managers as members of the existing workspace that hosts the reports and the datasets.;"C
E";PL-300-Updated-Part-1.pdf
HOTSPOT You have a report page that contains the visuals shown in the following exhibit. Use the drop-down menus to select the answer choice that completes each statement based on the information presented in the graphic. NOTE: Each correct selection is worth one point.;;E;PL-300-Updated-Part-1.pdf
You have a Microsoft Power Bl dashboard. The report used to create the dashboard uses an imported dataset from a Microsoft SQL Server data source. The dashboard is shown in the exhibit. (Click the Exhibit tab.)  What occurred at 12:03:06 PM?;A. A user pressed F5 | B. A new transaction was added to the data source. | C. A user added a comment to a tile. | D. The dashboard tile cache refreshed.;"D
E";PL-300-Updated-Part-1.pdf
You have a report that contains four pages. Each page contains slicers for the same four fields. Users report that when they select values on a slicer on one page, the visuals are not updated on all the pages. You need to recommend a solution to ensure that users can select a value once to filter the results on all the pages. What are two possible recommendations to achieve this goal? Each correct answer presents a complete solution. NOTE: Each correct selection is worth one point.;A. Sync the slicers across the pages. | B. Replace the slicers with page-level filters. | C. Replace the slicers with visual-level filters. | D. Create a bookmark for each slicer value. | E. Replace the slicers with report-level filters.;"AE
E";PL-300-Updated-Part-1.pdf
You create a dashboard by using the Microsoft Power Bl Service. The dashboard contains a card visual that shows total sales from the current year. You grant users access to the dashboard by using the viewer role on the workspace. A user wants to receive daily notifications of the number shown on the card visual. You need to automate the notifications. What should you do?;A. Share the dashboard to the user. | B. Create a subscription. | C. Create a data alert. | D. Tag the user in a comment.;"B
E";PL-300-Updated-Part-1.pdf
HOTSPOT You have two Azure SQL databases that contain the same tables and columns. For each database, you create a query that retrieves data from a table named Customers. You need to combine the Customer tables into a single table. The solution must minimize the size of the data model and support scheduled refresh in powerbi.com. What should you do? To answer, select the appropriate options in the answer area. NOTE: Each correct selection is worth one point.;;E;PL-300-Updated-Part-1.pdf
You have a Microsoft SharePoint Online site that contains several document libraries. One of the document libraries contains manufacturing reports saved as Microsoft Excel files. All the manufacturing reports have the same data structure. You need to load only the manufacturing reports to a table for analysis. What should you do in Microsoft Power Bl Desktop?;A. Get data from a SharePoint Online folder, enter the site URL, and then select Combine & Load. | B. Get data from a SharePoint Online list and enter the site URL. Edit the query and filter by the path to | C. Get data from a SharePoint Online folder and enter the site URL. Edit the query and filter by the path | D. Get data from a SharePoint Online list, enter the site URL, and then select Combine & Load.;C;PL-300-Updated-Part-1.pdf
DRAG DROP You receive revenue data that must be included in Microsoft Power Bl reports. You perform an initial load of the data from a Microsoft Excel source as shown in the following exhibit. You plan to create several visuals from the data, including a visual that shows revenue split by year and product. You need to transform the data to ensure that you can build the visuals. The solution must ensure that the columns are named appropriately for the data that they contain. Which three actions should you perform in sequence? To answer, move the appropriate actions from the list of actions to the answer area and arrange them in the correct order.  2 1 3;;E;PL-300-Updated-Part-1.pdf
Your company has employees in 10 states. The company recently decided to associate each state to one of the following three regions: East, West, and North. You have a data model that contains employee information by state. The model does NOT include region information. You have a report that shows the employees by state. You need to view the employees by region as quickly as possible. What should you do?;A. Create a new aggregation that summarizes by employee. | B. Create a new group on the state column and set the Group type to List. | C. Create a new group on the state column and set the Group type to Bin. | D. Create a new aggregation that summarizes by state.;"B
E";PL-300-Updated-Part-1.pdf
You have a custom connector that returns ID, From, To, Subject, Body, and Has Attachments for every email sent during the past year. More than 10 million records are returned. You build a report analyzing the internal networks of employees based on whom they send emails to. You need to prevent report recipients from reading the analyzed emails. The solution must minimize the model size. What should you do?;A. Implement row-level security (RLS) so that the report recipients can only see results based on the emails | B. Remove the Subject and Body columns during the import. | C. From Model view, set the Subject and Body columns to Hidden.;;PL-300-Updated-Part-1.pdf
You have the tables shown in the following table.  The Impressions table contains approximately 30 million records per month. You need to create an ad analytics system to meet the following requirements: Present ad impression counts for the day, campaign, and Site_name. The analytics for the last year are required. Minimize the data model size. Which two actions should you perform? Each correct answer presents part of the solution. NOTE: Each correct selection is worth one point.;A. Group the impressions by Ad_id, Site_name, and Impression_date. Aggregate by using the | B. Create one-to-many relationships between the tables. | C. Create a calculated measure that aggregates by using the COUNTROWS function. | D. Create a calculated table that contains Ad_id, Site_name, and Impression_date.;;PL-300-Updated-Part-1.pdf
You import two Microsoft Excel tables named Customer and Address into Power Query. Customer contains the following columns: Customer ID Customer Name Phone Email Address Address ID Address contains the following columns: Address ID Address Line 1 Address Line 2  City State/Region Country Postal Code The Customer ID and Address ID columns represent unique rows. You need to create a query that has one row per customer. Each row must contain City, State/Region, and Country for each customer. What should you do?;A. Merge the Customer and Address tables. | B. Transpose the Customer and Address tables. | C. Group the Customer and Address tables by the Address ID column. | D. Append the Customer and Address tables.;"A
E";PL-300-Updated-Part-1.pdf
"You have a Microsoft Power BI data model that contains three tables named Orders, Date, and City. There is a one-to-many relationship between Date and Orders and between City and Orders. The model contains two row-level security (RLS) roles named Role1 and Role2. Role1 contains the following filter. City[State Province] = ""Kentucky"" Role2 contains the following filter. Date[Calendar Year] = 2020 If a user is a member of both Role1 and Role2, what data will they see in a report that uses the model?";A. The user will see data for which the State Province value is Kentucky and the Calendar Year is 2020. | B. The user will see data for which the State Province value is Kentucky or the Calendar Year is 2020. | C. The user will see only data for which the State Province value is Kentucky. | D. The user will receive an error and will not be able to see the data in the report.;"B
E";PL-300-Updated-Part-1.pdf
HOTSPOT You are creating a Microsoft Power BI data model that has the tables shown in the following table. The Products table is related to the ProductCategory table through the ProductCategoryID column. You need to ensure that you can analyze sales by product category. How should you configure the relationships from Products to ProductCategory? To answer, select the appropriate options in the answer area. NOTE: Each correct selection is worth one point.;;E;PL-300-Updated-Part-1.pdf
Note: This question is part of a series of questions that present the same scenario. Each question in the series contains a unique solution that might meet the stated goals. Some question sets might have more than one correct solution, while others might not have a correct solution. After you answer a question in this scenario, you will NOT be able to return to it. As a result, these questions will not appear in the review screen. You have a clustered bar chart that contains a measure named Salary as the value and a field named Employee as the axis. Salary is present in the data as numerical amount representing US dollars. You need to create a reference line to show which employees are above the median salary. Solution: You create a constant line and set the value to .5. Does this meet the goal?;A. Yes | B. No;"B
E";PL-300-Updated-Part-1.pdf
You have a line chart that shows the number of employees in a department over time. You need to see the total salary costs of the employees when you hover over a data point. What is possible way to achieve this goal?;A. Add a salary to the tooltips. | B. Add a salary to the visual filters. | C. Add salary to the drillthrough fields.;"A
E";PL-300-Updated-Part-1.pdf
You have a report that contains a bar chart and a column chart. The bar chart shows customer count by customer segment. The column chart shows sales by month. You need to ensure that when a segment is selected in the bar chart, you see which portion of the total sales for the month belongs to the customer segment. How should the visual interactions be set on the column chart when the bar chart is selected?;A. no impact | B. highlight | C. C. filter;"B
E";PL-300-Updated-Part-1.pdf
DRAG DROP You are using existing reports to build a dashboard that will be viewed frequently in portrait mode on mobile phones. You need to build the dashboard. Which four actions should you perform in sequence? To answer, move the appropriate actions from the list of actions to the answer area and arrange them in the correct order. 1 4 3 2;;E;PL-300-Updated-Part-1.pdf
HOTSPOT You have a table that contains the following three columns: City Total Sales Occupation  You need to create a key influencers visualization as shown in the exhibit. (Click the Exhibit tab.) How should you configure the visualization? To answer, select the appropriate options in the answer area. NOTE: Each correct selection is worth one point.;;E;PL-300-Updated-Part-1.pdf
Note: This question is part of a series of questions that present the same scenario. Each question in the series contains a unique solution that might meet the stated goals. Some question sets might have more than one correct solution, while others might not have a correct solution. After you answer a question in this scenario, you will NOT be able to return to it. As a result, these questions will not appear in the review screen. You have a clustered bar chart that contains a measure named Salary as the value and a field named Employee as the axis. Salary is present in the data as numerical amount representing US dollars. You need to create a reference line to show which employees are above the median salary.  Solution: You create an average line by using the Salary measure. Does this meet the goal?;A. Yes | B. No;"B
E";PL-300-Updated-Part-1.pdf
Note: This question is part of a series of questions that present the same scenario. Each question in the series contains a unique solution that might meet the stated goals. Some question sets might have more than one correct solution, while others might not have a correct solution. After you answer a question in this scenario, you will NOT be able to return to it. As a result, these questions will not appear in the review screen. You have a clustered bar chart that contains a measure named Salary as the value and a field named Employee as the axis. Salary is present in the data as numerical amount representing US dollars. You need to create a reference line to show which employees are above the median salary. Solution: You create a percentile line by using the Salary measure and set the percentile to 50%. Does this meet the goal?;A. Yes | B. No;"A
E";PL-300-Updated-Part-1.pdf
Note: This question is part of a series of questions that present the same scenario. Each question in the series contains a unique solution that might meet the stated goals. Some question sets might have more than one correct solution, while others might not have a correct solution. After you answer a question in this scenario, you will NOT be able to return to it. As a result, these questions will not appear in the review screen. You have several reports and dashboards in a workspace. You need to grant all organizational users read access to a dashboard and several reports. Solution: You create an Azure Active Directory group that contains all the users. You share each report and dashboard to the group. Does this meet the goal?;A. Yes | B. No;;PL-300-Updated-Part-1.pdf
Note: This question is part of a series of questions that present the same scenario. Each question in the series contains a unique solution that might meet the stated goals. Some question sets might have more than one correct solution, while others might not have a correct solution. After you answer a question in this scenario, you will NOT be able to return to it. As a result, these questions will not appear in the review screen. You have several reports and dashboards in a workspace. You need to grant all organizational users read access to a dashboard and several reports. Solution: You assign all the users the Viewer role to the workspace. Does this meet the goal?;A. Yes | B. No;;PL-300-Updated-Part-1.pdf
You need to provide a user with the ability to add members to a workspace. The solution must use the principle of least privilege. Which role should you assign to the user?;A. Viewer | B. Contributor | C. Member | D. Admin;"C
E";PL-300-Updated-Part-1.pdf
Note: This question is part of a series of questions that present the same scenario. Each question in the series contains a unique solution that might meet the stated goals. Some question sets might have more than one correct solution, while others might not have a correct solution. After you answer a question in this scenario, you will NOT be able to return to it. As a result, these questions will not appear in the review screen.  You have several reports and dashboards in a workspace. You need to grant all organizational users read access to a dashboard and several reports. Solution: You publish an app to the entire organization. Does this meet the goal?;A. Yes | B. No;"A
E";PL-300-Updated-Part-1.pdf
You have a Power BI tenant. You have reports that use financial datasets and are exported as PDF files. You need to ensure that the reports are encrypted. What should you implement?;A. dataset certifications | B. row-level security (RLS) | C. sensitivity labels | D. Microsoft Intune policies;"C
E";PL-300-Updated-Part-1.pdf
Note: This question is part of a series of questions that present the same scenario. Each question in the series contains a unique solution that might meet the stated goals. Some question sets might have more than one correct solution, while others might not have a correct solution. After you answer a question in this scenario, you will NOT be able to return to it. As a result, these questions will not appear in the review screen. You have a clustered bar chart that contains a measure named Salary as the value and a field named Employee as the axis. Salary is present in the data as numerical amount representing US dollars. You need to create a reference line to show which employees are above the median salary. Solution: You create a median line by using the Salary measure. Does this meet the goal?;A. Yes | B. No;"A
E";PL-300-Updated-Part-1.pdf
DRAG DROP You are preparing a financial report in Power BI. You connect to the data stored in a Microsoft Excel spreadsheet by using Power Query Editor as shown in the following exhibit.  You need to prepare the data to support the following: Visualizations that include all measures in the data over time Year-over-year calculations for all the measures Which four actions should you perform in sequence? To answer, move the appropriate actions from the list of actions to the answer area and arrange them in the correct order.;;E;PL-300-Updated-Part-1.pdf
You are enhancing a Power BI model that has DAX calculations. You need to create a measure that returns the year-to-date total sales from the same date of the previous calendar year. Which DAX functions should you use? To answer, select the appropriate options in the answer area. NOTE: Each correct selection is worth one point. Sum(;;;PL-300-Updated-Part-1.pdf
Note: This question is part of a series of questions that present the same scenario. Each question in the series contains a unique solution that might meet the stated goals. Some question sets might have more than one correct solution, while others might not have a correct solution. After you answer a question in this scenario, you will NOT be able to return to it. As a result, these questions will not appear in the review screen. You have several reports and dashboards in a workspace.  You need to grant all organizational users read access to a dashboard and several reports. Solution: You enable included in app for all assets. Does this meet the goal?;A. Yes | B. No;B;PL-300-Updated-Part-1.pdf
In Power Bi Desktop, you are creating visualizations in a report based on an imported dataset You need to allow Power Bi users to export the summarized data used to create the visualizations but prevent the users from exporting the underlying data What should you do?;A. From Power BI Desktop, configure the Data Load settings for the current file. | B. From the Power BI service, configure the dataset permissions. | C. From Power BI Desktop, configure the Report settings for the current file. | D. From Power BI Desktop, modify the data source permissions.;"A
E";PL-300-Updated-Part-1.pdf
HOTSPOT You have a power BI tenant that hosts the datasets shown in the following table. You have the following requirements: • The export of reports that contain Personally Identifiable Information (Pll) must be prevented. • Data used for financial decisions must be reviewed and approved before use. For each of the following statements, select Yes if the statement is true. Otherwise select No. NOTE: Each correct selection is worth one point;;E;PL-300-Updated-Part-1.pdf
You are building a Power BI report to analyze customer segments. You need to identify customer segments dynamically based on the Bounce Rate across dimensions such as source, geography, and demographics. The solution must minimize analysis effort. Which type of visualization should you use?;A. decomposition tree | B. funnel chart | C. Q&A | D. key influencers;"D
E";PL-300-Updated-Part-1.pdf
In Power BI Desktop, you are building a sales report that contains two tables. Both tables have row-level security (RLS) configured. You need to create a relationship between the tables. The solution must ensure that bidirectional crossfiltering honors the RLS settings. What should you do?;A. Create an active relationship between the tables and select Assume referential integrity. | B. Create an inactive relationship between the tables and select Assume referential integrity. | C. Create an inactive relationship between the tables and select Apply security filter in both directions. | D. Create an active relationship between the tables and select Apply security filter in both directions. | A. From each report in powerbi.com, select Refresh visuals. | B. From Power BI Desktop, download the PBIX file and refresh the data. | C. Configure a scheduled refresh without using an on-premises data gateway. | D. Configure a scheduled refresh by using an on-premises data gateway. | A. a group | B. a calculated table | C. a hierarchy | D. a calculated column | A. One to one | B. Many to many | C. Many to one | D. One to many | A. Microsoft Teams Personal Analytics | B. SQL Server database | C. Dataverse | D. Dataflows | A. Power BI dataset | B. a SharePoint folder | C. Power BI dataflows | D. an Excel workbook | A. In the report, add a DAX calculated column that calculates the length of col1 | B. In the report, add a DAX function that calculates the average length of col1 | C. From Power Query Editor, add a column that calculates the length of col1 | D. From Power Query Editor, change the distribution for the Column profile to group by | A. Remove the rows in which Sales[Status] has a value of Canceled. | B. Remove Sales[Sales_Date]. | C. Change the data type of Sale[Delivery_Time] to Integer. | D. Split Sales[Sale_Date] into separate date and time columns. | E. Remove Sales[Canceled Date]. | A. Create a single role that filters Country[Manager_Email] by using the USERNAME DAX | B. Create a single role that filters Country[Manager_Email] by using the USEROBJECTID DAX | C. For the relationship between Purchase Detail and Purchase, select Apply security filter in | D. Create one role for each country. | E. For the relationship between Purchase and Purchase Detail, change the Cross filter | A. Publish ReportA to Power BI. | B. From ReportA save the current theme. | C. Publish ReportA to the Microsoft Power BI Community theme gallery. | D. From DashboardA, create a custom theme. | E. From DashboardA, upload a JSON theme. | A. waterfall chart | B. stacked area chart | C. line chart | D. donut chart | A. Customers in Austria order 18.8 more units than the average order quantity. | B. Customers in Boise order 20.37 percent more than the average order quantity. | C. Product Category positively influences the quantity per order. D. Customers in Cork order | A. Color scale | B. Rules | C. Field value | A. Edit interactions in the report and set all interactions to Filter. | B. Pin each chart as a tile. | C. Edit the dashboard theme and pin each chart as a tile. | D. Pin the report page as a live tile. | A. From Power Query Editor, detect the data types of the relevant columns. | B. In Data Category, set the geographic data category for the relevant columns. | C. Create a hierarchy for columns of the geography data type. | D. Use the columns of the geography data type in all visuals. | E. For the relevant columns, set synonyms to match common geographical terms. | A. Select the donut chart and set the column chart interaction to Filter. | B. Select the column chart and set the donut chart interaction to Filter. | C. Select the donut chart and set the column chart interaction to None. | D. Select the column chart and set the donut chart interaction to None. | A. Q&A | B. smart narrative | C. key influencers | D. decomposition tree | A. From the Formatting tab, select Values, and then set URL icons to On for the table. | B. Set the Data category of the Plant Image field to Web URL. | C. Set the Data type of the Plant Image field to Binary. | D. Set the Data category of the Plant Image field to Image URL. | A. Yes | B. No | A. Upload the Excel file to a Power BI workspace. | B. Create a subscription to the report. | C. Deploy an on-premises data gateway. | D. Edit the data source credentials. | A. Enable query caching for the dataset. | B. Import the dataset to Microsoft Excel. | C. From the Power BI service, open a dashboard that uses the dataset. | D. From the Power BI service, open a report that uses the dataset. | E. From PowerShell, run the get-powerbireport cmdlet. | A. comments | B. chat in Microsoft Teams | C. alerts | D. subscriptions;"D
E";PL-300-Updated-Part-1.pdf
. You have a Power BI data model that has the following tables: `Sales`, `Returns`, `Customer`, and `Date`. No relationships have been created. You need to view and filter sales and returns by the same months at the same time. What three actions should you perform? Each correct answer presents part of the solution. **Select all answers that apply.** - Create a DAX measure that combines sales and returns. - Create a month column in both the Sales and Returns tables. - Create a relationship between Sales and Date. - Create a relationship between the Returns and Date. - Select the Date table and select Mark as date table.;*Select all answers that apply.** | Create a DAX measure that combines sales and returns. | Create a month column in both the Sales and Returns tables. | Create a relationship between Sales and Date. | Create a relationship between the Returns and Date. | Select the Date table and select Mark as date table.;;PL300_RENEWAL_24.md
. You preview a single table in Power Query Editor in Power BI Desktop. The table contains the following columns: `ProductName`, `ProductID`, `SalesDate`, and `SalesAmount`. You need to convert the table into a properly formed star schema. To which table should you add the `SalesAmount` field? **Select only one answer.** - Product Dimension - Product Fact - Sales Dimension - Sales Fact;*Select only one answer.** | Product Dimension | Product Fact | Sales Dimension | Sales Fact;;PL300_RENEWAL_24.md
. You need to ensure that when users use the Q&A visual in a Power BI report, the visual maps the word “Country” to the Geography[Region] field in the semantic model. The solution must NOT change any existing visuals. What should you do? **Select only one answer.** - Add a synonym to the Geography table. - Add a synonym to the Region column. - Rename the Region column to Country. - Set the row label in the Geography table to Region.;*Select only one answer.** | Add a synonym to the Geography table. | Add a synonym to the Region column. | Rename the Region column to Country. | Set the row label in the Geography table to Region.;;PL300_RENEWAL_24.md
. You preview a single table in the Power Query Editor in Power BI Desktop. The table contains the following columns: `LocationName`, `LocationID`, `Temperature`, and `DateTime`. You need to convert the table into a properly formed star schema. To which table should you add the LocationName field? **Select only one answer.** - Date Dimension - Location Dimension - Location Fact - Temperature Measurements Fact;*Select only one answer.** | Date Dimension | Location Dimension | Location Fact | Temperature Measurements Fact;;PL300_RENEWAL_24.md
. You need to write a DAX measure that returns the revenue for selected dates during the previous year. Which two DAX functions should you include in the measure? Each correct answer presents part of the solution. **Select all answers that apply.** - `CALCULATE` - `CLOSINGBALANCEYEAR` - `PREVIOUSQUARTER` - `SAMEPERIODLASTYEAR`;*Select all answers that apply.** | `CALCULATE` | `CLOSINGBALANCEYEAR` | `PREVIOUSQUARTER` | `SAMEPERIODLASTYEAR`;;PL300_RENEWAL_24.md
. You have a Power BI model that contains a table named `Person`. The `Person` table contains a whole number column named `Age`. You need to write a DAX measure that finds the middle value in the range of `Age` values. What formula should you use? **Select only one answer.** - `AVERAGE('Person'[Age])` - `MEDIAN('Person'[Age])` - `RANK.EQ('Person'[Age], ‘Person’[Age])` - `STDEV.P('Person'[Age])`;*Select only one answer.** | `AVERAGE('Person'[Age])` | `MEDIAN('Person'[Age])` | `RANK.EQ('Person'[Age], ‘Person’[Age])` | `STDEV.P('Person'[Age])`;;PL300_RENEWAL_24.md
. You have a Power BI data model that contains two tables: `Sales` and `Date`. The `Sales` table can be related to the `Date` table by either the `Sales Date` column or the `Ship Date` column. You need to create a role-playing dimension using DAX. The role-playing dimension must support the ability to filter sales where `Ship Date` is in the current month and `Sales Date` is in the prior month. Which type of DAX expression should you use? **Select only one answer.** - Calculated column - Calculated table - Measure - What-If analysis;playing dimension using DAX. The role-playing dimension must support the ability to filter | *Select only one answer.** | Calculated column | Calculated table | Measure | What-If analysis;;PL300_RENEWAL_24.md
. You have a Power BI data model that contains the following three tables: * `Sales` * `Date` * `Product` The `Sales` table is related to the `Date` and `Product` tables by using many-to-one relationships. The `Sales` table contains a column named `Total Sales Amount`. You need to create a measure named `Total Sales` that can be used in visuals to aggregate `Total Sales Amounts` by product or by date. What should you use? **Select only one answer.** - `Total Sales = ALL(‘Sales’[Total Sales Amount])` - `Total Sales = CALCULATE([Total Sales])` - `Total Sales = MAX(‘Sales’[Total Sales Amount])` - `Total Sales = SUM(‘Sales’[Total Sales Amount])`;`Sales` | `Date` | `Product` | to-one relationships. The `Sales` table | *Select only one answer.** | `Total Sales = ALL(‘Sales’[Total Sales Amount])` | `Total Sales = CALCULATE([Total Sales])` | `Total Sales = MAX(‘Sales’[Total Sales Amount])` | `Total Sales = SUM(‘Sales’[Total Sales Amount])`;;PL300_RENEWAL_24.md
. You create a Power BI model that contains the sales for the last five years. The size of the model is 950 MB. The Sales table contains five million rows. You need to minimize the model size and perform the following analysis: Current and one previous year sales for all active products Current year sales by product category What should you do? **Select only one answer.** - Remove the `Product Status` column. - Remove the rows that relate to inactive products. - Remove the rows that relate to sales that occurred more than two years earlier. - Remove the `Sale Date` column.;*Select only one answer.** | Remove the `Product Status` column. | Remove the rows that relate to inactive products. | Remove the rows that relate to sales that occurred more than two years earlier. | Remove the `Sale Date` column.;;PL300_RENEWAL_24.md
. You have a Power BI model that contains sensor data from 500 sensors that return temperature readings each minute. Your reporting requirements include the calculation and display of the average temperature from each sensor at every hour. The reports do NOT show the raw data for each minute. You need to reduce the size of the model to improve performance. What should you do? **Select only one answer.** - And a report filter for the Hour column. - Create visuals that group the data by hour. - Remove the rows that contain readings. - Use Power Query to group the sensor data by hour.;*Select only one answer.** | And a report filter for the Hour column. | Create visuals that group the data by hour. | Remove the rows that contain readings. | Use Power Query to group the sensor data by hour.;;PL300_RENEWAL_24.md
. You have a Power BI data model that contains a table named `Contacts`. Contacts contains the following text columns: * `Name` * `Email` * `Phone` * `Subscribed to Newsletter` All columns use the `Text` data type. The `Phone` column contains the area code, number, and country code. The `Subscribed to Newsletter` column contains a value of true or false. You need to minimize the size of the data model by changing a column’s data type. The solution must prevent data loss. What should you do? **Select only one answer.** - Change `Phone` to a decimal data type. - Change `Phone` to a whole number data type. - Change `Subscribed to Newsletter` to a binary data type. - Change `Subscribed to Newsletter` to a True/False data type.;`Name` | `Email` | `Phone` | `Subscribed to Newsletter` | *Select only one answer.** | Change `Phone` to a decimal data type. | Change `Phone` to a whole number data type. | Change `Subscribed to Newsletter` to a binary data type. | Change `Subscribed to Newsletter` to a True/False data type.;;PL300_RENEWAL_24.md
. You have a Power BI report that has one page. You need to configure the report to meet the following requirements: The page color must be gray The color of the area around the page must be light blue Which two tasks should you perform? Each correct answer presents part of the solution. **Select all answers that apply.** - Set the canvas background color to gray. - Set the canvas background color to light blue. - Set the wallpaper color the gray. - Set the wallpaper color to light blue.;*Select all answers that apply.** | Set the canvas background color to gray. | Set the canvas background color to light blue. | Set the wallpaper color the gray. | Set the wallpaper color to light blue.;;PL300_RENEWAL_24.md
. You are creating a visualization in a Power BI report. You need to recommend which visualization to use in the report to perform a quick comparison of the current quarter sales by country. Which visualization type should you recommend? **Select only one answer.** - column chart - gauge chart - matrix - scatter chart;*Select only one answer.** | column chart | gauge chart | matrix | scatter chart;;PL300_RENEWAL_24.md
. You plan to use Power BI report visual to display sales values that change over time. You need to identify a visualization to use. The solution must clearly illustrate the changes of sales values over time. Which visualization type should you identify? **Select only one answer.** - Column chart - Doughnut chart - Funnel chart - Pie chart;*Select only one answer.** | Column chart | Doughnut chart | Funnel chart | Pie chart;;PL300_RENEWAL_24.md
. You need to create a sales report in Power BI that meets the following requirements: Must display data in tables with headers and footers Must print all data in the report Must allow users to select a region value in the parameters What should you do? **Select only one answer.** - Create a paginated report with a table. - Create a scorecard. - Create an interactive report with a matrix. - Create an interactive report with a table.;*Select only one answer.** | Create a paginated report with a table. | Create a scorecard. | Create an interactive report with a matrix. | Create an interactive report with a table.;;PL300_RENEWAL_24.md
. You have a report that has three overlapping visuals: a bar chart, a line chart and a card. You need to modify the report to meet the following requirements: the card must render above the line chart the line chart must render above the bar chart. What setting should you modify? **Select only one answer.** - Aspect ratio - Layer order - Tab order - Vertical alignment;*Select only one answer.** | Aspect ratio | Layer order | Tab order | Vertical alignment;;PL300_RENEWAL_24.md
. You have a Power BI report that contains a clustered column chart visual. The visual shows the revenue on the y-axis and the month on the x-axis. You need to ensure that users can drill down from month to week to day. To what should you add the Week and Day fields? **Select only one answer.** - Legend - Small Multiples - X-axis - Y-axis;axis and | axis. | *Select only one answer.** | Legend | Small Multiples | X-axis | Y-axis;;PL300_RENEWAL_24.md
. You plan to analyze sales data in Power BI by using the following fields: * `Sales amount` * `Order Quantity` * `Product` You need to use clustering to identify groups of similar data points in a subset of your data. What visualization type should you use? **Select only one answer.** - Line chart - Scatter chart - Tree map - Waterfall chart;`Sales amount` | `Order Quantity` | `Product` | *Select only one answer.** | Line chart | Scatter chart | Tree map | Waterfall chart;;PL300_RENEWAL_24.md
. You plan to use Power BI to analyze taxi cab rides in New York City. You need to review the total distance of rides by date. You need to visually indicate anomalies in the values as well as the expected range of distance values for the date. What visual should you use? **Select only one answer.** - Line chart - Pie chart - Scatterplot - Tree map;*Select only one answer.** | Line chart | Pie chart | Scatterplot | Tree map;;PL300_RENEWAL_24.md
. You have a workspace that contains two semantic models and five reports. You need to grant all department users read access to only one of the semantic models and three of the reports. Access should be automatically removed for users who leave the department. Which two actions should you perform? Each correct answer presents part of the solution. **Select all answers that apply.** - Add the security group containing the users to the **_Viewer_** role on the workspace. - Grant app access to the security group containing the users and publish the app. - Set Include in App to Yes for all semantic models and reports. - Set Include in App to Yes for the one semantic model and the three reports. - Share the one semantic model and the three reports with each user in the department.;*Select all answers that apply.** | Add the security group containing the users to the **_Viewer_** role on the workspace. | Grant app access to the security group containing the users and publish the app. | Set Include in App to Yes for all semantic models and reports. | Set Include in App to Yes for the one semantic model and the three reports. | Share the one semantic model and the three reports with each user in the department.;;PL300_RENEWAL_24.md
. You have a workspace that contains two semantic models and five reports. You need to grant all department users read access to only one of the semantic models and three of the reports. Access should be automatically removed for users who leave the department. Which two actions should you perform? Each correct answer presents part of the solution. **Select all answers that apply.** - Add the security group containing the users to the Viewer role on the workspace. - Grant app access to the security group containing the users and publish the app. - Set Include in App to Yes for all semantic models and reports. - Set Include in App to Yes for the one semantic model and the three reports. - Share the one semantic model and the three reports with each user in the department.;*Select all answers that apply.** | Add the security group containing the users to the Viewer role on the workspace. | Grant app access to the security group containing the users and publish the app. | Set Include in App to Yes for all semantic models and reports. | Set Include in App to Yes for the one semantic model and the three reports. | Share the one semantic model and the three reports with each user in the department.;;PL300_RENEWAL_24.md
. You have a workspace named `workspace1` in the Power BI service. Content is shared to users by using a Power BI app. You have made updates to a report in the workspace, and you need to distribute the updated report. What should you do? **Select only one answer.** - Add the appropriate users to the Viewer role in the workspace. - Save a copy of the report to a different workspace. - Share the updated report with the appropriate security group. - Update the Power BI app.;*Select only one answer.** | Add the appropriate users to the Viewer role in the workspace. | Save a copy of the report to a different workspace. | Share the updated report with the appropriate security group. | Update the Power BI app.;;PL300_RENEWAL_24.md
. You have published an imported semantic model to a workspace. The workspace is in the shared capacity of the Power BI service. The source data changes every 5 minutes. You need to keep the data in the Power BI semantic model as current as possible without upgrading Power BI licenses or changing the workspace. What should you do? **Select only one answer.** - Configure a scheduled refresh 8 times a day. - Configure a scheduled refresh every 15 minutes. - Configure a scheduled refresh every hour of each day. - Perform an on-demand refresh once a day.;*Select only one answer.** | Configure a scheduled refresh 8 times a day. | Configure a scheduled refresh every 15 minutes. | Configure a scheduled refresh every hour of each day. | Perform an on-demand refresh once a day.;;PL300_RENEWAL_24.md
. You have a Power BI workspace that contains a semantic model named `ModelA`. You have a Microsoft Entra group named `GroupA`. `GroupA` is currently not assigned to a workspace role. You need to ensure that `GroupA` can use Analyze in Excel with `ModelA`. What permissions should you grant? **Select only one answer.** - Build - Read - Reshare - Write;*Select only one answer.** | Build | Read | Reshare | Write;;PL300_RENEWAL_24.md
. You preview a query from the Power Query Editor. You notice that Column A contains blank values and null values. You need to convert all blank values to null. **Which option should you select from Column A?** **Select only one answer.** - Clean - Fill Down - Replace Errors - **Replace Values*;*Which option should you select from Column A?** | *Select only one answer.** | Clean | Fill Down | Replace Errors | **Replace Values**;;PL300_RENEWAL_25.md
. You are previewing an Excel file in Power Query Editor by using Power BI Desktop. The file contains data in two columns. One column lists categories. The other column lists subcategories in each category. You need to transform the data to a table that has a separate column for each category and contains the count of subcategories for each category. **What transform should you use?** **Select only one answer.** - **Pivot** - Promote headers - Transpose - Unpivot;*What transform should you use?** | *Select only one answer.** | **Pivot** | Promote headers | Transpose | Unpivot;;PL300_RENEWAL_25.md
. You are previewing two queries named Query1 and Query2 in Power Query Editor. Query1 contains data about employee IDs 1 through 10. Query2 contains data about employee IDs 5 through 15. You merge by using a left outer join from Query1 to Query2. **Which employee IDs will be present in the merged query?** **Select only one answer.** - **1 through 10** - 5 through 10 - 5 through 15 - 11 through 15;*Which employee IDs will be present in the merged query?** | *Select only one answer.** | **1 through 10** | 5 through 10 | 5 through 15 | 11 through 15;;PL300_RENEWAL_25.md
. You need to create a relationship between two tables named `Sales` and `Sales Detail` in a Power BI data model. For every row in the `Sales` table, there is at least one row, and possibly multiple rows, in the `Sales Detail` table. **How should you configure the relationship?** **Select only one answer.** - many-to-many from Sales to Sales Detail - many-to-one from Sales to Sales Detail - **one-to-many from Sales to Sales Detail** - one-to-one from Sales to Sales Detail;*How should you configure the relationship?** | *Select only one answer.** | many-to-many from Sales to Sales Detail | many-to-one from Sales to Sales Detail | **one-to-many from Sales to Sales Detail** | one-to-one from Sales to Sales Detail;;PL300_RENEWAL_25.md
. You preview a single table in the Power Query Editor in Power BI Desktop. The table contains the following columns: `LocationName`, `LocationID`, `Temperature`, and `DateTime`. You need to convert the table into a properly formed star schema. **To which table should you add the LocationName field?** **Select only one answer.** - Date Dimension - **Location Dimension** - Location Fact - Temperature Measurements Fact;*To which table should you add the LocationName field?** | *Select only one answer.** | Date Dimension | **Location Dimension** | Location Fact | Temperature Measurements Fact;;PL300_RENEWAL_25.md
. You have a Microsoft Power BI semantic model that contains a dimension table named `DimCustomer` and a fact table named `FactOrder`. `DimCustomer` contains one row per customer. `FactOrder` contains one row per order. You need to create a relationship between `DimCustomer` and `FactOrder`. **Which type of relationship cardinality should you choose?** **Select only one answer.** - many-to-many - many-to-one - **one-to-many** - one-to-one;*Which type of relationship cardinality should you choose?** | *Select only one answer.** | many-to-many | many-to-one | **one-to-many** | one-to-one;;PL300_RENEWAL_25.md
. You have a Microsoft Power BI semantic model that contains three tables named `DimDate`, `FactSales`, and `FactInventory`. `DimDate` is a dimension table that contains one row per date. `FactSales` is a fact table that contains one row per item sold. `FactInventory` is a fact table that contains one row per item in the inventory per day. `DimDate` is related to both `FactSales` and `FactInventory`. **What type of dimension is DimDate?** **Select only one answer.** - degenerate dimension - junk dimension - outrigger dimension - **role-playing dimension*;*What type of dimension is DimDate?** | *Select only one answer.** | degenerate dimension | junk dimension | outrigger dimension | **role-playing dimension**;;PL300_RENEWAL_25.md
. You have a Power BI model that contains a table named `Person`. The `Person` table contains a whole number column named `Age`. You need to write a DAX measure that finds the middle value in the range of Age values. **What formula should you use?** **Select only one answer.** - `AVERAGE('Person'[Age])` - **`MEDIAN('Person'[Age])`** - `RANK.EQ('Person'[Age], ‘Person’[Age])` - `STDEV.P('Person'[Age])`;*What formula should you use?** | *Select only one answer.** | `AVERAGE('Person'[Age])` | **`MEDIAN('Person'[Age])`** | `RANK.EQ('Person'[Age], ‘Person’[Age])` | `STDEV.P('Person'[Age])`;;PL300_RENEWAL_25.md
. You have a Power BI data model that contains the following three tables: - Sales - Date - Product The `Sales` table is related to the `Date` and `Product` tables by using many-to-one relationships. The `Sales` table contains a column named `Total Sales Amount`. You need to create a measure named `Total Sales` that can be used in visuals to aggregate `Total Sales Amounts` by product or by date. **What should you use?** **Select only one answer.** - Total Sales = ALL(‘Sales’[Total Sales Amount]) - Total Sales = CALCULATE([Total Sales]) - Total Sales = MAX(‘Sales’[;Sales | Date | Product | to-one relationships. The `Sales` table | *What should you use?** | *Select only one answer.** | Total Sales = ALL(‘Sales’[Total Sales Amount]) | Total Sales = CALCULATE([Total Sales]) | Total Sales = MAX(‘Sales’[;;PL300_RENEWAL_25.md
. You have a Microsoft Power BI semantic model that contains a table named `Table1`. `Table1` contains five columns named `Sales Date`, `Product ID`, `Quantity`, `Item Price`, and `Region`. You need to create a measure named `Avg Price - All Regions` that calculates the average item price for items sold across all regions. **Which expression should you use in the measure?** **Select only one answer.** - **CALCULATE( AVERAGE( Table1[Item Price] ), REMOVEFILTERS( Table1[Region] ) )** - CALCULATETABLE( AVERAGEX( Table1[Item Price] ), REMOVEFILTERS( Table1[Region] ) ) - CALCULATE( MEDIAN( Table1[Item Price] ), ALL( Table1[Region] ) ) - SUMMARIZE( Table1[Item Price]);All Regions` that calculates the average item price for items sold | *Which expression should you use in the measure?** | *Select only one answer.** | **CALCULATE( AVERAGE( Table1[Item Price] ), REMOVEFILTERS( Table1[Region] ) )** | CALCULATETABLE( AVERAGEX( Table1[Item Price] ), REMOVEFILTERS( Table1[Region] ) ) | CALCULATE( MEDIAN( Table1[Item Price] ), ALL( Table1[Region] ) ) | SUMMARIZE( Table1[Item Price]);;PL300_RENEWAL_25.md
. You have a Microsoft Power BI semantic model that contains two tables named `FactInventory` and `DimDate`. `FactInventory` is a fact table that contains one row per product per weekday. Inventory balances are NOT recorded on weekends. `DimDate` is the date table in the model. You need to create a measure that shows the last available inventory balance for a selected period. **Which DAX function should you include in the solution?** **Select only one answer.** - EOMONTH - FIRSTNONBLANK - **LASTNONBLANK** - NETWORKDAYS;*Which DAX function should you include in the solution?** | *Select only one answer.** | EOMONTH | FIRSTNONBLANK | **LASTNONBLANK** | NETWORKDAYS;;PL300_RENEWAL_25.md
. You create a Power BI model that contains the sales for the last five years. The size of the model is 950 MB. The `Sales` table contains five million rows. You need to minimize the model size and perform the following analysis: - Current and one previous year sales for all active products - Current year sales by product category **What should you do?** **Select only one answer.** - Remove the Product Status column. - **Remove the rows that relate to inactive products.** - Remove the rows that relate to sales that occurred more than two years earlier. - Remove the Sale Date column.;Current and one previous year sales for all active products | Current year sales by product category | *What should you do?** | *Select only one answer.** | Remove the Product Status column. | **Remove the rows that relate to inactive products.** | Remove the rows that relate to sales that occurred more than two years earlier. | Remove the Sale Date column.;;PL300_RENEWAL_25.md
. You open a report in Microsoft Power BI Desktop and run Performance Analyzer. The results show a high number of visual displays. **What is a possible cause of the performance issues?** **Select only one answer.** - misconfigured relationships - too many columns in the underlying tables - **too many fields used in visuals** - unoptimized measures;*What is a possible cause of the performance issues?** | *Select only one answer.** | misconfigured relationships | too many columns in the underlying tables | **too many fields used in visuals** | unoptimized measures;;PL300_RENEWAL_25.md
. You have a Power BI model that contains sensor data from 500 sensors that return temperature readings each minute. Your reporting requirements include the calculation and display of the average temperature from each sensor at every hour. The reports do NOT show the raw data for each minute. You need to reduce the size of the model to improve performance. **What should you do?** **Select only one answer.** - Add a report filter for the Hour column. - Create visuals that group the data by hour. - Remove the rows that contain readings. - **Use Power Query to group the sensor data by hour.*;*What should you do?** | *Select only one answer.** | Add a report filter for the Hour column. | Create visuals that group the data by hour. | Remove the rows that contain readings. | **Use Power Query to group the sensor data by hour.**;;PL300_RENEWAL_25.md
. You plan to use a Power BI report visual to display sales values that change over time. You need to identify a visualization to use. The solution must clearly illustrate the changes of sales values over time. **Which visualization type should you identify?** **Select only one answer.** - **Column chart** - Doughnut chart - Funnel chart - Pie chart;*Which visualization type should you identify?** | *Select only one answer.** | **Column chart** | Doughnut chart | Funnel chart | Pie chart;;PL300_RENEWAL_25.md
. You are creating a visualization in a Power BI report. You need to recommend which visualization to use in the report to perform a quick comparison of the current quarter sales by country. **Which visualization type should you recommend?** **Select only one answer.** - **column chart** - gauge chart - matrix - scatter chart;*Which visualization type should you recommend?** | *Select only one answer.** | **column chart** | gauge chart | matrix | scatter chart;;PL300_RENEWAL_25.md
. You have a Microsoft Power BI report that contains two pages. The first page contains a clustered bar chart. You plan to configure the clustered bar chart to use the second page as a tooltip report. **What should be done on the second page?** **Select only one answer.** - The Allow Q&A setting must be enabled. - **The Allow use as tooltip setting must be enabled.** - The canvas background transparency must be set to 100%. - The Canvas setting must be set to Tooltip.;*What should be done on the second page?** | *Select only one answer.** | The Allow Q&A setting must be enabled. | **The Allow use as tooltip setting must be enabled.** | The canvas background transparency must be set to 100%. | The Canvas setting must be set to Tooltip.;;PL300_RENEWAL_25.md
. You create a Microsoft Power BI report that will be accessed by hundreds of users on their laptops. The report contains one page. The page size is set to the custom dimensions of 2500 x 3500. You set Page view to Actual size and publish the report to the Power BI service. **What is the resulting user experience?** **Select only one answer.** - a page background image with a misconfigured aspect ratio - **a page that requires users to interact with scrollbars to view the entire page** - a page that requires users to zoom out to read the visuals - a page with a large area of wallpaper shown at the bottom of the page;*What is the resulting user experience?** | *Select only one answer.** | a page background image with a misconfigured aspect ratio | **a page that requires users to interact with scrollbars to view the entire page** | a page that requires users to zoom out to read the visuals | a page with a large area of wallpaper shown at the bottom of the page;;PL300_RENEWAL_25.md
. You have a Microsoft Power BI report that contains a single page. The page contains six visuals and a button. You need to create a solution that enables users to replace two visuals with two other visuals by selecting the button. **What should you do in the selection pane first?** **Select only one answer.** - **Group the two visuals that will be replaced when selecting the button.** - Group visuals that will not be affected by selecting the button. - In the tab order, hide the two visuals that will be replaced. - In the layer order, move the two visuals that will be replaced to the bottom.;*What should you do in the selection pane first?** | *Select only one answer.** | **Group the two visuals that will be replaced when selecting the button.** | Group visuals that will not be affected by selecting the button. | In the tab order, hide the two visuals that will be replaced. | In the layer order, move the two visuals that will be replaced to the bottom.;;PL300_RENEWAL_25.md
. You have a report that contains a bar chart and a pie chart. The interactions use the default settings. You need to ensure that when you select a bar, the pie chart redraws showing only the data related to the bar. You enable Edit Interactions. **What should you do next?** **Select only one answer.** - Select the pie chart and set the bar chart interaction to Filter. - Select the pie chart and set the bar chart interaction to None. - **Select the bar chart and set the pie chart interaction to Filter.** - Select the bar chart and set the pie chart interaction to None.;*What should you do next?** | *Select only one answer.** | Select the pie chart and set the bar chart interaction to Filter. | Select the pie chart and set the bar chart interaction to None. | **Select the bar chart and set the pie chart interaction to Filter.** | Select the bar chart and set the pie chart interaction to None.;;PL300_RENEWAL_25.md
"Copy CertyIQ HOTSPOT - You plan to create the Power BI model shown in the exhibit. (Click the Exhibit tab.) The data has the following refresh requirements: ✑ Customer must be refreshed daily. ✑ Date must be refreshed once every three years. ✑ Sales must be refreshed in near real time. ✑ SalesAggregate must be refreshed once per week. You need to select the storage modes for the tables. The solution must meet the following requirements: ✑ Minimize the load times of visuals. ✑ Ensure that the data is loaded to the model based on the refresh requirements. Which storage mode should you select for each table? To answer, select the appropriate options in the answer area. NOTE: Each correct selection is worth one point. Hot Area: Answer: ReCheck Explanation: Box 1: Dual - Customer should use the dual storage mode. Dual: Tables with this setting can act as either cached or not cached, depending on the context of the query that's submitted to the Power BI dataset. In some cases, you fulfill queries from cached data. In other cases, you fulfill queries by executing an on-demand query to the data source. Note: You set the Storage mode property to one of these three values: Import, DirectQuery, and Dual. Box 2: Dual - You can set the dimension tables (Customer, Geography, and Date) to Dual to reduce the number of limited relationships in the dataset, and improve performance. Box 3: DirectQuery - Sales should use the DirectQuery storage mode. DirectQuery: Tables with this setting aren't cached. Queries that you submit to the Power BI dataset""for example, DAX queries""and that return data from DirectQuery tables can be fulfilled only by executing on-demand queries to the data source. Queries that you submit to the data source use the query language for that data source, for example, SQL. Box 4: Import - Import: Imported tables with this setting are cached. Queries submitted to the Power BI dataset that return data from Import tables can be fulfilled only from cached data. Note:- Dual (Composite) Mode: The dual storage mode is between Import and DirectQuery. it is a hybrid approach, Like importing data, the dual storage mode caches the data in the table. However, it leaves it up to Power BI to determine the best way to query the table depending on the query context. 1) Sales Must be Refreshed in Near real time so ""Direct Query"" 2) Sales Aggregate is once per week so ""Import"" (performance also required) 3) Both Date and Customer has relationship with both Sales and SalesAggregate tables so ""Dual"" because to support performance for DirectQuery(Sales) and Import(SalesAggregate) Reference: https://docs.microsoft.com/en-us/power-bi/transform-model/desktop-storage-mode";You plan to create the Power BI model shown in the exhibit. (Click the Exhibit tab.) | Customer should use the dual storage mode. | demand query to the data source. | You can set the dimension tables (Customer, Geography, and Date) to Dual to reduce the number of limited relationships in the dataset, and improve performance. | Sales should use the DirectQuery storage mode. | demand queries to the data source. Queries that you submit to the data source use the query language for that data source, for example, SQL. | Import: Imported tables with this setting are cached. Queries submitted to the Power BI dataset that return data from Import tables can be fulfilled only from cached data. | Dual (Composite) Mode: | us/power-bi/transform-model/desktop-storage-mode;;certyiq.com_papers_microsoft_pl-300_1.md
Copy CertyIQ You have a project management app that is fully hosted in Microsoft Teams. The app was developed by using Microsoft Power Apps. You need to create a Power BI report that connects to the project management app. Which connector should you select? A. Microsoft Teams Personal Analytics B. SQL Server database C. Dataverse D. Dataflows Answer: C ReCheck Explanation: Data sources in Power BI Desktop. The Power Platform category provides the following data connections: Power BI datasets - Power BI dataflows - Common Data Service (Legacy) Dataverse - Dataflows - Other data sources include Microsoft Teams Personal Analytics (Beta). You can use the Microsoft Power BI template to import data into Power BI from Project for the web and Project Online. When you're using the template, you're connected to your Microsoft Dataverse instance, where your Microsoft Project web app data is stored. https://support.microsoft.com/en-us/office/use-power-bi-desktop-to-connect-with-your-project-data-df4ccca1-68e9-418c-9d0f-022ac05249a2 Reference: https://docs.microsoft.com/en-us/power-bi/connect-data/desktop-data-sources;Power BI dataflows - | Dataflows - | us/office/use-power-bi-desktop-to-connect-with-your-project-data-df4ccca1-68e9-418c-9d0f-022ac05249a2 | us/power-bi/connect-data/desktop-data-sources;;certyiq.com_papers_microsoft_pl-300_1.md
Copy CertyIQ For the sales department at your company, you publish a Power BI report that imports data from a Microsoft Excel file located in a Microsoft SharePoint folder. The data model contains several measures. You need to create a Power BI report from the existing data. The solution must minimize development effort. Which type of data source should you use? A. Power BI dataset B. a SharePoint folder C. Power BI dataflows D. an Excel workbook Answer: A ReCheck Explanation: Power BI dataset because the case states there is already a report published and the datamodel contains measures. therefore and to be able to use the measures in the datamodel you should connect to the existing dataset (which was created when you plublished the report) instead of starting from scratch with the files in the SharePoint folder.;;;certyiq.com_papers_microsoft_pl-300_1.md
Copy CertyIQ You import two Microsoft Excel tables named Customer and Address into Power Query. Customer contains the following columns: ✑ Customer ID ✑ Customer Name ✑ Phone ✑ Email Address ✑ Address ID Address contains the following columns: ✑ Address ID ✑ Address Line 1 ✑ Address Line 2 ✑ City ✑ State/Region ✑ Country ✑ Postal Code Each Customer ID represents a unique customer in the Customer table. Each Address ID represents a unique address in the Address table. You need to create a query that has one row per customer. Each row must contain City, State/Region, and Country for each customer. What should you do? A. Merge the Customer and Address tables. B. Group the Customer and Address tables by the Address ID column. C. Transpose the Customer and Address tables. D. Append the Customer and Address tables. Answer: A ReCheck Explanation: Remember Merge is JOIN, APPEND is UNION A merge queries operation joins two existing tables together based on matching values from one or multiple columns. You can choose to use different types of joins, depending on the output you want. Reference: https://docs.microsoft.com/en-us/power-query/merge-queries-overview;us/power-query/merge-queries-overview;;certyiq.com_papers_microsoft_pl-300_1.md
Copy CertyIQ HOTSPOT - You have two Azure SQL databases that contain the same tables and columns. For each database, you create a query that retrieves data from a table named Customer. You need to combine the Customer tables into a single table. The solution must minimize the size of the data model and support scheduled refresh in powerbi.com. What should you do? To answer, select the appropriate options in the answer area. NOTE: Each correct selection is worth one point. Hot Area: Answer: ReCheck Explanation: Box 1: Append Queries as New - When you have additional rows of data that you'd like to add to an existing query, you append the query. There are two append options: * Append queries as new displays the Append dialog box to create a new query by appending multiple tables. * Append queries displays the Append dialog box to add additional tables to the current query. Incorrect: When you have one or more columns that you'd like to add to another query, you merge the queries. Box 2: Disable loading the query to the data model By default, all queries from Query Editor will be loaded into the memory of Power BI Model. You can disable the load for some queries, especially queries that used as intermediate transformation to produce the final query for the model. Disabling Load doesn't mean the query won't be refreshed, it only means the query won't be loaded into the memory. When you click on Refresh model in Power BI, or when a scheduled refresh happens even queries marked as Disable Load will be refreshed, but their data will be used as intermediate source for other queries instead of loading directly into the model. This is a very basic performance tuning tip, but very important when your Power BI model grows bigger and bigger. Reference: https://docs.microsoft.com/en-us/power-query/append-queries https://radacad.com/performance-tip-for-power-bi-enable-load-sucks-memory-up;You have two Azure SQL databases that contain the same tables and columns. | When you have additional rows of data that you'd like to add to an existing query, you append the query. | Append queries as new displays the Append dialog box to create a new query by appending multiple tables. | Append queries displays the Append dialog box to add additional tables to the current query. | us/power-query/append-queries | tip-for-power-bi-enable-load-sucks-memory-up;;certyiq.com_papers_microsoft_pl-300_1.md
Copy CertyIQ DRAG DROP - In Power Query Editor, you have three queries named ProductCategory, ProductSubCategory, and Product. Every Product has a ProductSubCategory. Not every ProductsubCategory has a parent ProductCategory. You need to merge the three queries into a single query. The solution must ensure the best performance in Power Query. How should you merge the tables? To answer, drag the appropriate merge types to the correct queries. Each merge type may be used once, more than once, or not at all. You may need to drag the split bar between panes or scroll to view content. NOTE: Each correct selection is worth one point. Select and Place: Answer: ReCheck Explanation: Box 1: Inner - Every Product has a ProductSubCategory. A standard join is needed. One of the join kinds available in the Merge dialog box in Power Query is an inner join, which brings in only matching rows from both the left and right tables. Box 2: Left outer - Not every ProductsubCategory has a parent ProductCategory. One of the join kinds available in the Merge dialog box in Power Query is a left outer join, which keeps all the rows from the left table and brings in any matching rows from the right table. Reference: https://docs.microsoft.com/en-us/power-query/merge-queries-inner https://docs.microsoft.com/en-us/power-query/merge-queries-left-outer;In Power Query Editor, you have three queries named ProductCategory, ProductSubCategory, and Product. | Every Product has a ProductSubCategory. | Not every ProductsubCategory has a parent ProductCategory. | us/power-query/merge-queries-inner https://docs.microsoft.com/en-us/power-query/merge-queries-left-outer;;certyiq.com_papers_microsoft_pl-300_1.md
"Copy CertyIQ You are building a Power BI report that uses data from an Azure SQL database named erp1. You import the following tables. You need to perform the following analyses: ✑ Orders sold over time that include a measure of the total order value Orders by attributes of products sold The solution must minimize update times when interacting with visuals in the report. What should you do first? A. From Power Query, merge the Order Line Items query and the Products query. B. Create a calculated column that adds a list of product categories to the Orders table by using a DAX function. C. Calculate the count of orders per product by using a DAX function. D. From Power Query, merge the Orders query and the Order Line Items query. Answer: D ReCheck Explanation: D. It's the Header/Detail Schema, and the most optimal way is to flatten the header into the detail table. Source: https://www.sqlbi.com/articles/header-detail-vs-star-schema-models-in-tabular-and-power-bi/ GPT: Merging the Orders query and the Order Line Items query in Power Query will allow you to create a single query that combines the necessary data from the different tables. This will make it easier and more efficient to perform the required analyses, as you will have all the information you need in one place. --- PBI will do the best aggregation base on Star Schema model, we now have 1 Fact table (Order Line Items) and 2 Dim tables (Products, Orders). Orders has common field with Products (ProductID), and pretty sure time series field (OrderDate); Orders Line Items has Price and Quanity. --- We need summarize some values like ""price"" and ""quantity"" over-time by attributes product. But we only have common field in Dim table (Orders) so we need to merge Dim (Orders) and Fact (Order Line Items) to new single Fact table to design the right Star Schema model. => So that D is correct";"detail-vs-star-schema-models-in-tabular-and-power-bi/ | -- PBI will do the best aggregation base on Star Schema model, we now have 1 Fact table (Order Line Items) and 2 Dim tables (Products, Orders). Orders has common field with Products (ProductID), and pretty sure time series field (OrderDate); Orders Line Items has Price and Quanity. | -- We need summarize some values like ""price"" and ""quantity"" over-time by attributes product. But we only have common field in Dim table (Orders) so we need to merge Dim (Orders) and Fact (Order Line Items) to new single Fact table to design the right Star Schema model.";;certyiq.com_papers_microsoft_pl-300_1.md
Copy CertyIQ You have a Microsoft SharePoint Online site that contains several document libraries. One of the document libraries contains manufacturing reports saved as Microsoft Excel files. All the manufacturing reports have the same data structure. You need to use Power BI Desktop to load only the manufacturing reports to a table for analysis. What should you do? A. Get data from a SharePoint folder and enter the site URL Select Transform, then filter by the folder path to the manufacturing reports library. B. Get data from a SharePoint list and enter the site URL. Select Combine & Transform, then filter by the folder path to the manufacturing reports library. C. Get data from a SharePoint folder, enter the site URL, and then select Combine & Load. D. Get data from a SharePoint list, enter the site URL, and then select Combine & Load. Answer: A ReCheck Explanation: We have to import Excel files from SharePoint, so we need the connector SharePoint folder which is used to get access to the files stored in the library. SharePoint list is a collection of content that has rows and columns (like a table) and is used for task lists, calendars, etc. Since we have to filter only on manufacturing reports, we have to select Transform and then filter by the corresponding folder path.;;;certyiq.com_papers_microsoft_pl-300_1.md
Copy CertyIQ DRAG DROP - You have a Microsoft Excel workbook that contains two sheets named Sheet1 and Sheet2. Sheet1 contains the following table named Table1. Sheet2 contains the following table named Table2. You need to use Power Query Editor to combine the products from Table1 and Table2 into the following table that has one column containing no duplicate values. Which three actions should you perform in sequence? To answer, move the appropriate actions from the list of actions to the answer area and arrange them in the correct order. Select and Place: Answer: ReCheck Explanation: From Power BI Desktop, import data from Excel, and select Table 1 and Table 2. From Power Query Editor, append Table 2 to Table 1. From Power Query Editor Select Table 1,and then Select Remove duplicates. Reference: https://docs.microsoft.com/en-us/power-bi/connect-data/desktop-shape-and-combine-data;You have a Microsoft Excel workbook that contains two sheets named Sheet1 and Sheet2. | us/power-bi/connect-data/desktop-shape-and-combine-data;;certyiq.com_papers_microsoft_pl-300_1.md
"Copy CertyIQ You have a CSV file that contains user complaints. The file contains a column named Logged. Logged contains the date and time each complaint occurred. The data in Logged is in the following format: 2018-12-31 at 08:59. You need to be able to analyze the complaints by the logged date and use a built-in date hierarchy. What should you do? A. Apply a transformation to extract the last 11 characters of the Logged column and set the data type of the new column to Date. B. Change the data type of the Logged column to Date. C. Split the Logged column by using at as the delimiter. D. Apply a transformation to extract the first 11 characters of the Logged column. Answer: C ReCheck Explanation: You should split the Logged column by using ""at"" as the delimiter. This will allow you to separate the date and time into separate columns, which will enable you to analyze the complaints by date and use a built-in date hierarchy. Alternatively, you could also use a transformation to extract the date and time from the Logged column and set the data type of the new columns to Date and Time, respectively. Option A is incorrect because it only extracts the last 11 characters of the Logged column, which would not include the date. Option B is incorrect because the data in the Logged column is in a non-standard date format and cannot be directly converted to the Date data type. Option D is incorrect because it only extracts the first 11 characters of the Logged column, which would not include the time.";12-31 at 08:59. | in date hierarchy. | in date hierarchy. Alternatively, you could also use a transformation to extract the date and time from the Logged column and set the data type of the new columns to Date and Time, respectively. Option A is incorrect because it only extracts the last 11 characters of the Logged column, which would not include the date. Option B is incorrect because the data in the Logged column is in a non-standard date format and cannot be directly converted to the Date data type. Option D is incorrect because it only extracts the first 11 characters of the Logged column, which would not include the time.;;certyiq.com_papers_microsoft_pl-300_1.md
Copy CertyIQ You have a Microsoft Excel file in a Microsoft OneDrive folder. The file must be imported to a Power BI dataset. You need to ensure that the dataset can be refreshed in powerbi.com. Which two connectors can you use to connect to the file? Each correct answer presents a complete solution. NOTE: Each correct selection is worth one point. A. Excel Workbook B. Text/CSV C. Folder D. SharePoint folder E. Web Answer: DE ReCheck Explanation: We can import an excel file from multiple connectors (excel workbook, folder, web, share point) but if we must refresh the data from the service with no gateways then We must use web and share point connectors.;;;certyiq.com_papers_microsoft_pl-300_1.md
Copy CertyIQ HOTSPOT - You are profiling data by using Power Query Editor. You have a table named Reports that contains a column named State. The distribution and quality data metrics for the data in State is shown in the following exhibit. Use the drop-down menus to select the answer choice that completes each statement based on the information presented in the graphic. NOTE: Each correct selection is worth one point. Hot Area: Answer: ReCheck Explanation: Box 1: 69 - 69 distinct/different values. Note: Column Distribution allows you to get a sense for the overall distribution of values within a column in your data previews, including the count of distinct values (total number of different values found in a given column) and unique values (total number of values that only appear once in a given column). Box 2: 4 - Reference: https://systemmanagement.ro/2018/10/16/power-bi-data-profiling-distinct-vs-unique/;You are profiling data by using Power Query Editor. | down menus to select the answer choice that completes each statement based on the information presented in the graphic. | 69 distinct/different values. | Reference: | bi-data-profiling-distinct-vs-unique/;;certyiq.com_papers_microsoft_pl-300_1.md
Copy CertyIQ HOTSPOT - You have two CSV files named Products and Categories. The Products file contains the following columns: ✑ ProductID ✑ ProductName ✑ SupplierID ✑ CategoryID The Categories file contains the following columns: ✑ CategoryID ✑ CategoryName ✑ CategoryDescription From Power BI Desktop, you import the files into Power Query Editor. You need to create a Power BI dataset that will contain a single table named Product. The Product will table includes the following columns: ✑ ProductID ✑ ProductName ✑ SupplierID ✑ CategoryID ✑ CategoryName ✑ CategoryDescription How should you combine the queries, and what should you do on the Categories query? To answer, select the appropriate options in the answer area. NOTE: Each correct selection is worth one point. Hot Area: Answer: ReCheck Explanation: Box 1: Merge - There are two primary ways of combining queries: merging and appending. * When you have one or more columns that you'd like to add to another query, you merge the queries. * When you have additional rows of data that you'd like to add to an existing query, you append the query. Box 2: Disable the query load - Managing loading of queries - In many situations, it makes sense to break down your data transformations in multiple queries. One popular example is merging where you merge two queries into one to essentially do a join. In this type of situations, some queries are not relevant to load into Desktop as they are intermediate steps, while they are still required for your data transformations to work correctly. For these queries, you can make sure they are not loaded in Desktop by un-checking 'Enable load' in the context menu of the query in Desktop or in the Properties screen: Reference: https://docs.microsoft.com/en-us/power-bi/connect-data/desktop-shape-and-combine-data https://docs.microsoft.com/en-us/power-bi/connect-data/refresh-include-in-report-refresh;You have two CSV files named Products and Categories. | There are two primary ways of combining queries: merging and appending. | When you have one or more columns that you'd like to add to another query, you merge the queries. | When you have additional rows of data that you'd like to add to an existing query, you append the query. | Managing loading of queries - | checking 'Enable load' in the context menu of the query in Desktop or in the Properties screen: | us/power-bi/connect-data/desktop-shape-and-combine-data https://docs.microsoft.com/en-us/power-bi/connect-data/refresh-include-in-report-refresh;;certyiq.com_papers_microsoft_pl-300_1.md
Copy CertyIQ You have an Azure SQL database that contains sales transactions. The database is updated frequently. You need to generate reports from the data to detect fraudulent transactions. The data must be visible within five minutes of an update. How should you configure the data connection? A. Add a SQL statement. B. Set the Command timeout in minutes setting. C. Set Data Connectivity mode to Import. D. Set Data Connectivity mode to DirectQuery. Answer: D ReCheck Explanation: DirectQuery: No data is imported or copied into Power BI Desktop. For relational sources, the selected tables and columns appear in the Fields list. For multi- dimensional sources like SAP Business Warehouse, the dimensions and measures of the selected cube appear in the Fields list. As you create or interact with a visualization, Power BI Desktop queries the underlying data source, so you're always viewing current data. Reference: https://docs.microsoft.com/en-us/power-bi/connect-data/desktop-use-directquery;dimensional sources like SAP Business Warehouse, the dimensions and measures of the selected cube appear in the Fields list. As you create or interact with a visualization, Power BI Desktop queries the underlying data source, so you're always viewing current data. | us/power-bi/connect-data/desktop-use-directquery;;certyiq.com_papers_microsoft_pl-300_1.md
Copy CertyIQ DRAG DROP - You have a folder that contains 100 CSV files. You need to make the file metadata available as a single dataset by using Power BI. The solution must NOT store the data of the CSV files. Which three actions should you perform in sequence. To answer, move the appropriate actions from the list of actions to the answer area and arrange them in the correct order. Select and Place: Answer: ReCheck Explanation: 1. Get data and select folder. 2. Remove the content column 3. Expand the attributes column. Get Data from the folder: This is the first step where you connect to the folder that contains your CSV files. Power BI will recognize all the CSV files in the folder and generate a dataset with both file metadata and content. Remove Content Column: After you load the data from the folder, Power BI typically presents two columns: Content (which contains the actual data of the CSV files) and Attributes (which contains the metadata). In this step, you would remove the Content column to ensure you're only working with the metadata (e.g., file names, paths, creation dates). Expand Attributes: The Attributes column contains a record with metadata for each file. To make the metadata more accessible and usable in your report, you'll need to expand this column. Expanding will break the record down into individual metadata fields (e.g., file name, file path, etc.), so that you can work with these attributes as separate columns in Power Query.;You have a folder that contains 100 CSV files.;;certyiq.com_papers_microsoft_pl-300_1.md
Copy CertyIQ A business intelligence (BI) developer creates a dataflow in Power BI that uses DirectQuery to access tables from an on-premises Microsoft SQL server. The Enhanced Dataflows Compute Engine is turned on for the dataflow. You need to use the dataflow in a report. The solution must meet the following requirements: ✑ Minimize online processing operations. ✑ Minimize calculation times and render times for visuals. ✑ Include data from the current year, up to and including the previous day. What should you do? A. Create a dataflows connection that has DirectQuery mode selected. B. Create a dataflows connection that has DirectQuery mode selected and configure a gateway connection for the dataset. C. Create a dataflows connection that has Import mode selected and schedule a daily refresh. D. Create a dataflows connection that has Import mode selected and create a Microsoft Power Automate solution to refresh the data hourly. Answer: C ReCheck Explanation: A daily update is adequate. When you set up a refresh schedule, Power BI connects directly to the data sources using connection information and credentials in the dataset to query for updated data, then loads the updated data into the dataset. Any visualizations in reports and dashboards based on that dataset in the Power BI service are also updated. Reference: https://docs.microsoft.com/en-us/power-bi/connect-data/refresh-desktop-file-local-drive;premises Microsoft SQL server. The | us/power-bi/connect-data/refresh-desktop-file-local-drive;;certyiq.com_papers_microsoft_pl-300_1.md
"Copy CertyIQ DRAG DROP - You publish a dataset that contains data from an on-premises Microsoft SQL Server database. The dataset must be refreshed daily. You need to ensure that the Power BI service can connect to the database and refresh the dataset. Which four actions should you perform in sequence? To answer, move the appropriate actions from the list of actions to the answer area and arrange them in the correct order. Answer: ReCheck Explanation: Configure an on premises data gateway. Add a data source. Add the dataset owner to the data source. Configure a scheduled refresh. Set up an on-premises data gateway: Download and install an on-premises data gateway on a machine that has access to the SQL Server database. Make sure that the gateway is registered to the same workspace as the dataset. Configure a data source: In the Power BI service, go to the dataset settings, and select the data source. Then, enter the necessary details, including the server name, database name, and credentials. Schedule refresh: In the dataset settings, go to the ""Scheduled refresh"" tab, and set up a refresh schedule. Ensure that the gateway is selected as the ""Data source credentials"" option. Publish the dataset: Finally, publish the dataset to the Power BI service. The dataset will be refreshed according to the schedule you set up, and the on-premises data gateway will allow the service to connect to the SQL Server database.";You publish a dataset that contains data from an on-premises Microsoft SQL Server database. | premises data gateway: Download and install an on-premises data gateway on a machine that has access to the SQL Server database. Make sure that the gateway is registered to the same workspace as the dataset. | premises data gateway will allow the service to connect to the SQL Server database.;;certyiq.com_papers_microsoft_pl-300_1.md
Copy CertyIQ You attempt to connect Power BI Desktop to a Cassandra database. From the Get Data connector list, you discover that there is no specific connector for the Cassandra database. You need to select an alternate data connector that will connect to the database. Which type of connector should you choose? A. Microsoft SQL Server database B. ODBC C. OLE DB D. OData Answer: B ReCheck Explanation: B is Correct because, B´cause it allows you to connect to data sources that aren't identified in the Get Data lists. The ODBC connector lets you import data from any third-party ODBC driver simply by specifying a Data Source Name (DSN) or a connection string. As an option, you can also specify a SQL statement to execute against the ODBC driver. List details a few examples of data sources to which Power BI Desktop can connect by using the generic ODBC interface: https://learn.microsoft.com/en-us/power-bi/connect-data/desktop-connect-using-generic-interfaces;party ODBC driver simply by specifying a Data Source Name (DSN) or a connection string. As an option, you can also specify a SQL statement to execute against the ODBC driver. | us/power-bi/connect-data/desktop-connect-using-generic-interfaces;;certyiq.com_papers_microsoft_pl-300_1.md
"Copy CertyIQ DRAG DROP - You receive annual sales data that must be included in Power BI reports. From Power Query Editor, you connect to the Microsoft Excel source shown in the following exhibit. You need to create a report that meets the following requirements: • Visualizes the Sales value over a period of years and months • Adds a slicer for the month • Adds a slicer for the year Which three actions should you perform in sequence? To answer, move the appropriate actions from the list of actions to the answer area and arrange them in the correct order. Answer: ReCheck Explanation: Select the Month and Month Number Columns. Select Unpivot Other Columns Rename the Attribute Column as Year and the value Column as Sales. Action 1: Select the Month and MonthNumber Columns. These columns will be used for the slicers to filter the data by month. Action 2: Select unpivot other columns. This action will transform the 2019, 2020, and 2021 columns into rows, creating a column called ""Attribute"" that contains the years and a column called ""Value"" that contains the sales data. This step makes the data more suitable for visualization and filtering by year. Action 3: Rename the Attribute column as Year and the value column as sales. Renaming the columns provides a more descriptive and meaningful structure for your data. After performing these actions, your data will be in a format that allows you to create visuals and add slicers for the month and year in Power BI.";You receive annual sales data that must be included in Power BI reports.;;certyiq.com_papers_microsoft_pl-300_1.md
Copy CertyIQ HOTSPOT - You are using Power BI Desktop to connect to an Azure SQL database. The connection is configured as shown in the following exhibit. Use the drop-down menus to select the answer choice that completes each statement based on the information presented in the graphic. NOTE: Each correct solution is worth one point. Answer: ReCheck Explanation: 10 minutes. Only tables that Contain data. Command timeout in minutes: If your connection lasts longer than 10 minutes (the default timeout), you can enter another value in minutes to keep the connection open longer. This option is only available in Power Query Desktop. Navigate using full hierarchy: If checked, the navigator displays the complete hierarchy of tables in the database you're connecting to. If cleared, the navigator displays only the tables whose columns and rows contain data. Include relationship columns: If checked, includes columns that might have relationships to other tables. If this box is cleared, you won’t see those columns. https://learn.microsoft.com/en-us/power-query/connectors/azure-sql-database 1 2 3 Last Other exams recommendation Microsoft : DP-700 Implementing Data Engineering Solutions Using Microsoft Fabric (Beta) View Microsoft : DP-600 Implementing Analytics Solutions Using Microsoft Fabric (Beta) View Microsoft : AI-102 Designing And Implementing A Microsoft Azure AI Solution View Microsoft : PL-200 Microsoft Power Platform Functional Consultant View Microsoft : DP-900 Microsoft Azure Data Fundamentals View Microsoft : AI-900 Microsoft Azure AI Fundamentals View Microsoft : PL-400 Microsoft Power Platform Developer View Microsoft : PL-900 Microsoft Power Platform Fundamentals View Future is Secured 100% Pass Guarantee 24/7 Customer Support Mail us - support@certyiq.com Verified Updates Lifetime Updates!;You are using Power BI Desktop to connect to an Azure SQL database. | down menus to select the answer choice that completes each statement based on the information presented in the graphic. | us/power-query/connectors/azure-sql-database | 700 | 600 | 102 | 200 | 900 | 900 | 400 | 900 | support@certyiq.com;;certyiq.com_papers_microsoft_pl-300_1.md
(Topic: Question Set 1) HOTSPOT You plan to create the Power BI model shown in the exhibit. (Click the Exhibit tab.) The data has the following refresh requirements: ✑ Customer must be refreshed daily. ✑ Date must be refreshed once every three years. ✑ Sales must be refreshed in near real time. ✑ SalesAggregate must be refreshed once per week. You need to select the storage modes for the tables. The solution must meet the following requirements: ✑ Minimize the load times of visuals. ✑ Ensure that the data is loaded to the model based on the refresh requirements. Which storage mode should you select for each table? To answer, select the appropriate options in the answer area. NOTE: Each correct selection is worth one point. Hot Area: Reveal Solution Next Question;;;www.itexams.com_exam_PL-300.md
(Topic: Question Set 1) You have a project management app that is fully hosted in Microsoft Teams. The app was developed by using Microsoft Power Apps. You need to create a Power BI report that connects to the project management app. Which connector should you select? A. Microsoft Teams Personal Analytics B. SQL Server database C. Dataverse D. Dataflows Reveal Solution Next Question;;;www.itexams.com_exam_PL-300.md
(Topic: Question Set 1) For the sales department at your company, you publish a Power BI report that imports data from a Microsoft Excel file located in a Microsoft SharePoint folder. The data model contains several measures. You need to create a Power BI report from the existing data. The solution must minimize development effort. Which type of data source should you use? A. Power BI dataset B. a SharePoint folder C. Power BI dataflows D. an Excel workbook Reveal Solution Next Question;;;www.itexams.com_exam_PL-300.md
(Topic: Question Set 1) You import two Microsoft Excel tables named Customer and Address into Power Query. Customer contains the following columns: ✑ Customer ID ✑ Customer Name ✑ Phone ✑ Email Address ✑ Address ID Address contains the following columns: ✑ Address ID ✑ Address Line 1 ✑ Address Line 2 ✑ City ✑ State/Region ✑ Country ✑ Postal Code Each Customer ID represents a unique customer in the Customer table. Each Address ID represents a unique address in the Address table. You need to create a query that has one row per customer. Each row must contain City, State/Region, and Country for each customer. What should you do? A. Merge the Customer and Address tables. B. Group the Customer and Address tables by the Address ID column. C. Transpose the Customer and Address tables. D. Append the Customer and Address tables. Reveal Solution Next Question;;;www.itexams.com_exam_PL-300.md
(Topic: Question Set 1) HOTSPOT You have two Azure SQL databases that contain the same tables and columns. For each database, you create a query that retrieves data from a table named Customer. You need to combine the Customer tables into a single table. The solution must minimize the size of the data model and support scheduled refresh in powerbi.com. What should you do? To answer, select the appropriate options in the answer area. NOTE: Each correct selection is worth one point. Hot Area: Reveal Solution Download Exam Page: 1 / 80 Total 397 questions Next Page BLOG TERMS & CONDITIONS PRIVACY POLICY DMCA & LEGAL NEW EXAMS ITExams.com is owned by MBS Tech Limited: Room 1905 Nam Wo Hong Building, 148 Wing Lok Street, Sheung Wan, Hong Kong. Company registration number: 2310926 ITExams doesn't offer Real Microsoft Exam Questions. ITExams doesn't offer Real Amazon Exam Questions. ITExams Materials do not contain actual questions and answers from Cisco's Certification Exams. CFA Institute does not endorse, promote or warrant the accuracy or quality of ITExams. CFA® and Chartered Financial Analyst® are registered trademarks owned by CFA Institute.;;;www.itexams.com_exam_PL-300.md
(Topic: Question Set 1) DRAG DROP In Power Query Editor, you have three queries named ProductCategory, ProductSubCategory, and Product. Every Product has a ProductSubCategory. Not every ProductsubCategory has a parent ProductCategory. You need to merge the three queries into a single query. The solution must ensure the best performance in Power Query. How should you merge the tables? To answer, drag the appropriate merge types to the correct queries. Each merge type may be used once, more than once, or not at all. You may need to drag the split bar between panes or scroll to view content. NOTE: Each correct selection is worth one point. Select and Place: Reveal Solution Next Question;;;www.itexams.com_exam_PL-300_2.md
(Topic: Question Set 1) You are building a Power BI report that uses data from an Azure SQL database named erp1. You import the following tables. You need to perform the following analyses: ✑ Orders sold over time that include a measure of the total order value Orders by attributes of products sold The solution must minimize update times when interacting with visuals in the report. What should you do first? A. From Power Query, merge the Order Line Items query and the Products query. B. Create a calculated column that adds a list of product categories to the Orders table by using a DAX function. C. Calculate the count of orders per product by using a DAX function. D. From Power Query, merge the Orders query and the Order Line Items query. Reveal Solution Next Question;;;www.itexams.com_exam_PL-300_2.md
(Topic: Question Set 1) You have a Microsoft SharePoint Online site that contains several document libraries. One of the document libraries contains manufacturing reports saved as Microsoft Excel files. All the manufacturing reports have the same data structure. You need to use Power BI Desktop to load only the manufacturing reports to a table for analysis. What should you do? A. Get data from a SharePoint folder and enter the site URL Select Transform, then filter by the folder path to the manufacturing reports library. B. Get data from a SharePoint list and enter the site URL. Select Combine & Transform, then filter by the folder path to the manufacturing reports library. C. Get data from a SharePoint folder, enter the site URL, and then select Combine & Load. D. Get data from a SharePoint list, enter the site URL, and then select Combine & Load. Reveal Solution Next Question;;;www.itexams.com_exam_PL-300_2.md
(Topic: Question Set 1) DRAG DROP You have a Microsoft Excel workbook that contains two sheets named Sheet1 and Sheet2. Sheet1 contains the following table named Table1. Sheet2 contains the following table named Table2. You need to use Power Query Editor to combine the products from Table1 and Table2 into the following table that has one column containing no duplicate values. Which three actions should you perform in sequence? To answer, move the appropriate actions from the list of actions to the answer area and arrange them in the correct order. Select and Place: Reveal Solution Next Question;;;www.itexams.com_exam_PL-300_2.md
(Topic: Question Set 1) You have a CSV file that contains user complaints. The file contains a column named Logged. Logged contains the date and time each complaint occurred. The data in Logged is in the following format: 2018-12-31 at 08:59. You need to be able to analyze the complaints by the logged date and use a built-in date hierarchy. What should you do? A. Apply a transformation to extract the last 11 characters of the Logged column and set the data type of the new column to Date. B. Change the data type of the Logged column to Date. C. Split the Logged column by using at as the delimiter. D. Apply a transformation to extract the first 11 characters of the Logged column. Reveal Solution Download Exam Page: 2 / 80 Total 397 questions Previous Page Next Page BLOG TERMS & CONDITIONS PRIVACY POLICY DMCA & LEGAL NEW EXAMS ITExams.com is owned by MBS Tech Limited: Room 1905 Nam Wo Hong Building, 148 Wing Lok Street, Sheung Wan, Hong Kong. Company registration number: 2310926 ITExams doesn't offer Real Microsoft Exam Questions. ITExams doesn't offer Real Amazon Exam Questions. ITExams Materials do not contain actual questions and answers from Cisco's Certification Exams. CFA Institute does not endorse, promote or warrant the accuracy or quality of ITExams. CFA® and Chartered Financial Analyst® are registered trademarks owned by CFA Institute.;12-31 at 08:59. | in date hierarchy.;;www.itexams.com_exam_PL-300_2.md
Topic 1 HOTSPOT - You plan to create the Power BI model shown in the exhibit. (Click the Exhibit tab.) The data has the following refresh requirements: ✑ Customer must be refreshed daily. ✑ Date must be refreshed once every three years. ✑ Sales must be refreshed in near real time. ✑ SalesAggregate must be refreshed once per week. You need to select the storage modes for the tables. The solution must meet the following requirements: ✑ Minimize the load times of visuals. ✑ Ensure that the data is loaded to the model based on the refresh requirements. Which storage mode should you select for each table? To answer, select the appropriate options in the answer area. NOTE: Each correct selection is worth one point. Hot Area: Reveal Solution Hide Solution Discussion 39 *;You plan to create the Power BI model shown in the exhibit. (Click the Exhibit tab.) | *Correct Answer:** | Customer should use the dual storage mode. | demand query to the data source. | You can set the dimension tables (Customer, Geography, and Date) to Dual to reduce the number of limited relationships in the dataset, and improve performance. | Sales should use the DirectQuery storage mode. | demand queries to the data source. Queries that you submit to the data source use the query language for that data source, for example, SQL. | Import: Imported tables with this setting are cached. Queries submitted to the Power BI dataset that return data from Import tables can be fulfilled only from cached data. | us/power-bi/transform-model/desktop-storage-mode;**;www.examtopics.com_exams_microsoft_pl-300_view_.md
Topic 1 You have a project management app that is fully hosted in Microsoft Teams. The app was developed by using Microsoft Power Apps. You need to create a Power BI report that connects to the project management app. Which connector should you select? * A. Microsoft Teams Personal Analytics * B. SQL Server database * C. Dataverse * D. Dataflows Reveal Solution Hide Solution Discussion 47 *;A. Microsoft Teams Personal Analytics | B. SQL Server database | C. Dataverse | D. Dataflows | *Correct Answer:** C 🗳️;** C 🗳️;www.examtopics.com_exams_microsoft_pl-300_view_.md
Topic 1 For the sales department at your company, you publish a Power BI report that imports data from a Microsoft Excel file located in a Microsoft SharePoint folder. The data model contains several measures. You need to create a Power BI report from the existing data. The solution must minimize development effort. Which type of data source should you use? * A. Power BI dataset * B. a SharePoint folder * C. Power BI dataflows * D. an Excel workbook Reveal Solution Hide Solution Discussion 116 *;A. Power BI dataset | B. a SharePoint folder | C. Power BI dataflows | D. an Excel workbook | *Correct Answer:** A 🗳️;** A 🗳️;www.examtopics.com_exams_microsoft_pl-300_view_.md
Topic 1 You import two Microsoft Excel tables named Customer and Address into Power Query. Customer contains the following columns: ✑ Customer ID ✑ Customer Name ✑ Phone ✑ Email Address ✑ Address ID Address contains the following columns: ✑ Address ID ✑ Address Line 1 ✑ Address Line 2 ✑ City ✑ State/Region ✑ Country ✑ Postal Code Each Customer ID represents a unique customer in the Customer table. Each Address ID represents a unique address in the Address table. You need to create a query that has one row per customer. Each row must contain City, State/Region, and Country for each customer. What should you do? * A. Merge the Customer and Address tables. * B. Group the Customer and Address tables by the Address ID column. * C. Transpose the Customer and Address tables. * D. Append the Customer and Address tables. Reveal Solution Hide Solution Discussion 51 *;A. Merge the Customer and Address tables. | B. Group the Customer and Address tables by the Address ID column. | C. Transpose the Customer and Address tables. | D. Append the Customer and Address tables. | *Correct Answer:** A 🗳️;** A 🗳️;www.examtopics.com_exams_microsoft_pl-300_view_.md
Topic 1 HOTSPOT - You have two Azure SQL databases that contain the same tables and columns. For each database, you create a query that retrieves data from a table named Customer. You need to combine the Customer tables into a single table. The solution must minimize the size of the data model and support scheduled refresh in powerbi.com. What should you do? To answer, select the appropriate options in the answer area. NOTE: Each correct selection is worth one point. Hot Area: Reveal Solution Hide Solution Discussion 58 *;You have two Azure SQL databases that contain the same tables and columns. | *Correct Answer:** | When you have additional rows of data that you'd like to add to an existing query, you append the query. | Append queries as new displays the Append dialog box to create a new query by appending multiple tables. | Append queries displays the Append dialog box to add additional tables to the current query. | us/power-query/append-queries | tip-for-power-bi-enable-load-sucks-memory-up;**;www.examtopics.com_exams_microsoft_pl-300_view_.md
Topic 1 DRAG DROP - In Power Query Editor, you have three queries named ProductCategory, ProductSubCategory, and Product. Every Product has a ProductSubCategory. Not every ProductsubCategory has a parent ProductCategory. You need to merge the three queries into a single query. The solution must ensure the best performance in Power Query. How should you merge the tables? To answer, drag the appropriate merge types to the correct queries. Each merge type may be used once, more than once, or not at all. You may need to drag the split bar between panes or scroll to view content. NOTE: Each correct selection is worth one point. Select and Place: Reveal Solution Hide Solution Discussion 29 *;In Power Query Editor, you have three queries named ProductCategory, ProductSubCategory, and Product. | *Correct Answer:** | Every Product has a ProductSubCategory. | Not every ProductsubCategory has a parent ProductCategory. | us/power-query/merge-queries-inner https://docs.microsoft.com/en-us/power-query/merge-queries-left-outer;**;www.examtopics.com_exams_microsoft_pl-300_view_.md
Topic 1 You are building a Power BI report that uses data from an Azure SQL database named erp1. You import the following tables. You need to perform the following analyses: ✑ Orders sold over time that include a measure of the total order value Orders by attributes of products sold The solution must minimize update times when interacting with visuals in the report. What should you do first? * A. From Power Query, merge the Order Line Items query and the Products query. * B. Create a calculated column that adds a list of product categories to the Orders table by using a DAX function. * C. Calculate the count of orders per product by using a DAX function. * D. From Power Query, merge the Orders query and the Order Line Items query. Reveal Solution Hide Solution Discussion 115 *;A. From Power Query, merge the Order Line Items query and the Products query. | B. Create a calculated column that adds a list of product categories to the Orders table by using a DAX function. | C. Calculate the count of orders per product by using a DAX function. | D. From Power Query, merge the Orders query and the Order Line Items query. | *Correct Answer:** D 🗳️;** D 🗳️;www.examtopics.com_exams_microsoft_pl-300_view_.md
Topic 1 You have a Microsoft SharePoint Online site that contains several document libraries. One of the document libraries contains manufacturing reports saved as Microsoft Excel files. All the manufacturing reports have the same data structure. You need to use Power BI Desktop to load only the manufacturing reports to a table for analysis. What should you do? * A. Get data from a SharePoint folder and enter the site URL Select Transform, then filter by the folder path to the manufacturing reports library. * B. Get data from a SharePoint list and enter the site URL. Select Combine & Transform, then filter by the folder path to the manufacturing reports library. * C. Get data from a SharePoint folder, enter the site URL, and then select Combine & Load. * D. Get data from a SharePoint list, enter the site URL, and then select Combine & Load. Reveal Solution Hide Solution Discussion 44 *;A. Get data from a SharePoint folder and enter the site URL Select Transform, then filter by the folder path to the manufacturing reports library. | B. Get data from a SharePoint list and enter the site URL. Select Combine & Transform, then filter by the folder path to the manufacturing reports library. | C. Get data from a SharePoint folder, enter the site URL, and then select Combine & Load. | D. Get data from a SharePoint list, enter the site URL, and then select Combine & Load. | *Correct Answer:** A 🗳️;** A 🗳️;www.examtopics.com_exams_microsoft_pl-300_view_.md
Topic 1 DRAG DROP - You have a Microsoft Excel workbook that contains two sheets named Sheet1 and Sheet2. Sheet1 contains the following table named Table1. Sheet2 contains the following table named Table2. You need to use Power Query Editor to combine the products from Table1 and Table2 into the following table that has one column containing no duplicate values. Which three actions should you perform in sequence? To answer, move the appropriate actions from the list of actions to the answer area and arrange them in the correct order. Select and Place: Reveal Solution Hide Solution Discussion 94 *;You have a Microsoft Excel workbook that contains two sheets named Sheet1 and Sheet2. | *Correct Answer:**;**;www.examtopics.com_exams_microsoft_pl-300_view_.md
Topic 1 You have a CSV file that contains user complaints. The file contains a column named Logged. Logged contains the date and time each complaint occurred. The data in Logged is in the following format: 2018-12-31 at 08:59. You need to be able to analyze the complaints by the logged date and use a built-in date hierarchy. What should you do? * A. Apply a transformation to extract the last 11 characters of the Logged column and set the data type of the new column to Date. * B. Change the data type of the Logged column to Date. * C. Split the Logged column by using at as the delimiter. * D. Apply a transformation to extract the first 11 characters of the Logged column. Reveal Solution Hide Solution Discussion 188 *;12-31 at 08:59. | in date hierarchy. | A. Apply a transformation to extract the last 11 characters of the Logged column and set the data type of the new column to Date. | B. Change the data type of the Logged column to Date. | C. Split the Logged column by using at as the delimiter. | D. Apply a transformation to extract the first 11 characters of the Logged column. | *Correct Answer:** C 🗳️ | *1 \- 10** out of 397 questions | *50%** to increase passing rate cup | 323 High Road, Chadwell Heath, Essex, England, RM6 6AX. | in. | up or (it's free). | 300? | *$79.99** (Valid for 1 Month) | list arrow 1 Month 2\.58 / day | list arrow All Questions for 1 Exam | list arrow Community Discussions | list arrow No Captcha / Robot Checks | list arrow Includes New Updates | $79.99](https://certification.examtopics.com/checkout/microsoft/pl-300/month) | One Time Payment | *$159.99** (Valid for 3 Months) | list arrow 3 Months 1\.76 / day | list arrow All Questions for 1 Exam | list arrow Community Discussions | list arrow No Captcha / Robot Checks | list arrow Includes New Updates | $159.99](https://certification.examtopics.com/checkout/microsoft/pl-300/year) | One Time Payment;** C 🗳️;www.examtopics.com_exams_microsoft_pl-300_view_.md
You need to ensure that the data is updated to meet the report requirements. The solution must minimize configuration effort. What should you do?;A. From each report in powerbi.com, select Refresh visuals. | B. From Power BI Desktop, download the PBIX file and refresh the data. | C. Configure a scheduled refresh without using an on-premises data gateway. | D. Configure a scheduled refresh by using an on-premises data gateway.;;PL-300-Updated-Part-1.pdf
You need to create the relationship between the product list and the revenue results. The solution must minimize the time it takes to render visuals. What should you set as the relationship cardinality?;A. One to one | B. Many to many | C. Many to one | D. One to many;D E;PL-300-Updated-Part-1.pdf
You have a project management app that is fully hosted in Microsoft Teams. The app was developed by using Microsoft Power Apps. You need to create a Power BI report that connects to the project management app. Which connector should you select?;A. Microsoft Teams Personal Analytics | B. SQL Server database | C. Dataverse | D. Dataflows;C E;PL-300-Updated-Part-1.pdf
For the sales department at your company, you publish a Power BI report that imports data from a Microsoft Excel file located in a Microsoft SharePoint folder. The data model contains several measures. You need to create a Power BI report from the existing data. The solution must minimize development effort. Which type of data source should you use?;A. Power BI dataset | B. a SharePoint folder | C. Power BI dataflows | D. an Excel workbook;;PL-300-Updated-Part-1.pdf
You are creating a report in Power BI Desktop. You load a data extract that includes a free text field named coll. You need to analyze the frequency distribution of the string lengths in col1. The solution must not affect the size of the model. What should you do? length for col1;A. In the report, add a DAX calculated column that calculates the length of col1 | B. In the report, add a DAX function that calculates the average length of col1 | C. From Power Query Editor, add a column that calculates the length of col1 | D. From Power Query Editor, change the distribution for the Column profile to group by;;PL-300-Updated-Part-1.pdf
You have a Power BI query named Sales that imports the columns shown in the following table. Users only use the date part of the Sales_Date field. Only rows with a Status of Finished are used in analysis. You need to reduce the load times of the query without affecting the analysis. Which two actions achieve this goal? Each correct answer presents a complete solution. NOTE: Each correct selection is worth one point.;A. Remove the rows in which Sales[Status] has a value of Canceled. | B. Remove Sales[Sales_Date]. | C. Change the data type of Sale[Delivery_Time] to Integer. | D. Split Sales[Sale_Date] into separate date and time columns. | E. Remove Sales[Canceled Date].;AD;PL-300-Updated-Part-1.pdf
You have the Power BI model shown in the following exhibit. A manager can represent only a single country. You need to use row-level security (RLS) to meet the following requirements: The managers must only see the data of their respective country. The number of RLS roles must be minimized. Which two actions should you perform? Each correct answer presents a complete solution. NOTE: Each correct selection is worth one point. function. function. both directions. direction to Single.;A. Create a single role that filters Country[Manager_Email] by using the USERNAME DAX | B. Create a single role that filters Country[Manager_Email] by using the USEROBJECTID DAX | C. For the relationship between Purchase Detail and Purchase, select Apply security filter in | D. Create one role for each country. | E. For the relationship between Purchase and Purchase Detail, change the Cross filter;AC E;PL-300-Updated-Part-1.pdf
DRAG DROP You plan to create a report that will display sales data from the last year for multiple regions. You need to restrict access to individual rows of the data on a per region-basis by using roles. Which four actions should you perform in sequence? To answer, move the appropriate actions from the list of actions to the answer area and arrange them in the correct order. Select and Place: 1 4 2 3 3 4 1 5 2;;A E;PL-300-Updated-Part-1.pdf
You need to create a visualization that compares revenue and cost over time. Which type of visualization should you use?;A. waterfall chart | B. stacked area chart | C. line chart | D. donut chart;C E;PL-300-Updated-Part-1.pdf
DRAG DROP You have a Power BI dashboard named DashboardA that contains a tile named TileA. TileA contains a treemap visual from a report named ReportA. You need to provide the users of DashboardA with additional tiles that relate to the contents of TileA. Which three actions should you perform in sequence? To answer, move the appropriate actions from the list of actions to the answer area and arrange them in the correct order. Select and Place: 1 3 2 3 2 1;;;PL-300-Updated-Part-1.pdf
You are building a Power BI report. Users will view the report by using their mobile device. You need to configure the report to display data based on each user's location. Which two actions should you perform? Each correct answer presents part of the solution. NOTE: Each correct selection is worth one point.;A. From Power Query Editor, detect the data types of the relevant columns. | B. In Data Category, set the geographic data category for the relevant columns. | C. Create a hierarchy for columns of the geography data type. | D. Use the columns of the geography data type in all visuals. | E. For the relevant columns, set synonyms to match common geographical terms.;BD E;PL-300-Updated-Part-1.pdf
You have a report that contains a donut chart and a clustered column chart. Interactions between the visuals use the default settings. You need to modify the report so that when you select a column in the column chart, the donut chart redraws by using the data from the selected column. What should you do?;A. Select the donut chart and set the column chart interaction to Filter. | B. Select the column chart and set the donut chart interaction to Filter. | C. Select the donut chart and set the column chart interaction to None. | D. Select the column chart and set the donut chart interaction to None.;B E;PL-300-Updated-Part-1.pdf
You are creating a Power BI report by using Power BI Desktop. You need to include a visual that shows trends and other useful information automatically. The visual must update based on selections in other visuals. Which type of visual should you use?;A. Q&A | B. smart narrative | C. key influencers | D. decomposition tree;B E;PL-300-Updated-Part-1.pdf
You have a Microsoft Excel file on a file server. You create a Power BI report and import a table from the Excel file. You publish the report. You need to ensure that the data refreshes every four hours. What should you do first?;A. Upload the Excel file to a Power BI workspace. | B. Create a subscription to the report. | C. Deploy an on-premises data gateway. | D. Edit the data source credentials.;C E;PL-300-Updated-Part-1.pdf
You have a Power BI workspace that contains a dataset, a report, and a dashboard. The following groups have access: External users can access the dashboard. Managers can access the dashboard and a manager-specific report. Employees can access the dashboard and a row-level security (RLS) constrained report. You need all users, including the external users, to be able to tag workspace administrators if they identify an issue with the dashboard. The solution must ensure that other users see the issues that were raised. What should you use?;A. comments | B. chat in Microsoft Teams | C. alerts | D. subscriptions;A E;PL-300-Updated-Part-1.pdf
You need create a date table In Power BI that must contain 10 full calendar years, including the current year. How should you complete the Dax expression? To answer select, the appropriate options in the answer area. Values Answer Area Date = Calendar var var1= ( ()) Calendarauto return Date Value Eomonth Today ( Date (var1 -9, 01, 01), Date (var1, 12, 31) Year ) YEAR, Today, Calendar Testlet 1 Overview Contoso, Ltd. is a manufacturing company that produces sports equipment. Contoso holds quarterly board meetings for which financial analysts manually prepare Microsoft Excel reports, including balance sheets and profit and loss statements for each of the company's four business units. Existing Environment Data and Sources Data for the reports comes from the sources shown in the following table. The balance sheet data is unrelated to the profit and loss results other than they both relate to dates. Balance Sheet Data The balance sheet data is imported and includes the final monthly balances of each account in the format shown in the following table. The balance sheet data always includes a row for each account for each month. Product Catalog Data The product catalog shows how products roll up to product categories, which roll up to the business units. The product list is provided in the format shown in the following table. Revenue data is provided at the date and product level. Expense data is provided at the date and department level. Business Issues Historically, it has taken two analysts a week to prepare the reports for the quarterly board meetings. Also, there is usually at least one issue each quarter where a value in a report is wrong because of a bad cell reference in an Excel formula. On occasion, there are conflicting results in the reports because the products and departments that roll up to each business unit are not defined consistently. Requirements Planned Changes Contoso plans to automate and standardize the quarterly reporting process by using Power BI. The company wants to reduce how long it takes to populate the reports to less than two days. The company wants to create common logic for the business units, products, and departments. The logic will be used across all reports, including but not limited to the quarterly reporting for the board. Technical Requirements Contoso wants the reports and datasets refreshed with minimum manual effort. The company wants to provide the board with a single package of reports that will contain custom navigation and links to supplementary information. Maintenance, including manually updating data and access, must be minimized as much as possible. Security Requirements • The reports must be made available to the board from powerbi.com. An Azure Active Directory (Azure AD) group will be used to share information with the board. Contoso identifies the following security requirements for analyst access: • Analysts must be able to access all balance sheet and product catalog data. • Analysts must be able to access only the profit and loss data of their respective business unit. • Analysts must be able to create new reports from the dataset that contains the profit and loss data, but the reports built by the analysts must NOT be included in the quarterly reports for the board. • Analysts must NOT be able to share the quarterly reports with anyone. • Analysts must NOT be able to make new reports by using the balance sheet data. Report Requirements You plan to relate the balance sheet table to a date table in Power BI in a many-to-one relationship based on the last day of the month. At least one of the balance sheet reports in the quarterly reporting package must show the ending balances for the quarter, as well as for the previous quarter. The date table will contain the columns shown in the following table. The definitions and attributes for the products, departments, and business units must be consistent across all the reports. The board must be able to get the following information from the quarterly reports: • Revenue trends over time • The ending balances of each account • Changes in long-term liabilities from the previous quarter • The percent of total revenue contributed by each product category • A comparison of quarterly revenue versus the same quarter from the previous year • The reports must be updated with the latest data by 5 AM each day.;;;PL-300-Updated-Part-3.pdf
You need to create a measure that returns the percent of revenue by product category. How should you complete the measure? To answer, select the appropriate options in the answer area. Answer Area Category Revenue Contribution = Var AllcategoryRev (Sum ([Revenue]), (ProductList[ ProductCategory]) RETURN (Sum([Revenue]), All CategoryRev) A) CALCULATE B) CALCULATE TABLE A) ALL B) ALL SELECTED A) DIVIDE B) SUM ANSWER CALCULATE, ALL, DIVIDE;;;PL-300-Updated-Part-3.pdf
One the Profit and loss dataset is created, which four actions should you sequence to ensure that the Business unit analysts see the appropriate profit and loss data? To answer, move the appropriate actions to the answer area and arrange them in the correct order. Actions. 1. From powerbi.com, assign the analysts the Contributor role to the workspace. 2. From Power BI Desktop, create four roles 3. From Power BI Desktop, Add a table Filter DAX Expression to the roles 4. From Power BI Desktop, Publish the dataset to Powerbi.com. 5. From powerbi.com, add roles member to the roles 2,3,4,5;;;PL-300-Updated-Part-3.pdf
You need to update the Power BI model to ensure that the analysts can build drill- downs from business unit to product in a visual. What should you create?;A. a calculated table | B. a calculated column | C. a group | D. a hierarchy;;PL-300-Updated-Part-3.pdf
You need to ensure that the data is updated to meet the report requirements. The solutions must minimize configuration effort. What should you do?;A. From each report in powerbi.com, select Refresh visuals | B. Configure a scheduled refresh without using an on-premises data gateway | C. Configure a scheduled refresh by using an on-premises data gateway | D. From Power BI Desktop, download the PBXI file and refresh the data;;PL-300-Updated-Part-3.pdf
You Need to create the relationship between the product list and the revenue results. The solution must minimize the time it takes to render visuals. What should you set as the relationships cardinality?;A. Many to many | B. One to one | C. One to many | D. Many to one;;PL-300-Updated-Part-3.pdf
You are Building a Power BI report. User will view the report by using their mobile device. You need to configure the report to display data based on each user´s locations. Which two actions should you perform? Each correct answer present part of the solution.;A. Create a hierarchy for column of the geography data type | B. From Power Query Editor, detect the data types of the relevant columns | C. Use the Columns of the geography data type in all visuals | D. For the relevant columns, set synonyms to match common geographical terms | E. In data Category, set the geographic data category for the relevant columns;;PL-300-Updated-Part-3.pdf
You Have a Power BI dashboard named Dashboard that contains a TileA . TileA contains a treemap visual from a report name ReportA . You need to provide the users of DashboardA with additional tiles that relate to the contents of TileA. Which three actions should you perform in sequence? To answer, move the appropriate actions from the list of actions to the to the answer are and arrange them in the correct order. Actions From ReportA, select the treemap visual options, and the select Spotlight From ReportA, select Get Insights From DashboardA, select TileA, to open ReportA Answer Area From DashboardA, select TileA options, and then select View Insights From Focus mode, review the generated visuals From Focus mode, pin the relevant visual to Dashboard;;;PL-300-Updated-Part-3.pdf
You are creating a dashboard by using the Power BI service. You have an existing report page that contains three charts. You need to add the charts to the dashboard while maintaining the interactivity between the charts. What should you do?;A. Edit the dashboard theme and pin each chart as a tile | B. Pin the report page as a live tile | C. Pin each chart as a tile | D. Edit interactions in the report and set all interactions to Filter;;PL-300-Updated-Part-3.pdf
You have a report in Power Bi Desktop. You add a key influencers visual as shown in the exhibit. (Click the Exhibit tab.) Use the drop-down menus to select the answer choice that completes each statement based on the information presented in the graphic.;;;PL-300-Updated-Part-3.pdf
You have a report that includes a card visualization. You need to apply the following conditional formatting to the card while minimizing design effort: • For values that are greater than or equal to 100, the font of the data label must be dark red. • For values that are less than 100, the font of the data label must be dark gray. Which type of format should you use?;A. Color scales | B. Rules | C. Filed value;;PL-300-Updated-Part-3.pdf
You have a Power BI table named Customer that contains a field named Email Address. You discover that multiple records contain the same email address. You need to create a calculated column to identify which records have duplicate email addresses. How should you complete the DAX expression for the calculated column? To answer, drag the appropriate values to the correct targets. Each value may be used once, more than once, or not at all. You may need to drag the split bar between panes or scroll to view content. Values ALL CALCULATE COUNTROWS EVALUATE SUM SUMX Answer Area Count Email = VAR Email = (Email Address) RETURN CALCULATE ( (Customer), COUNTROWS ALL (Customer), Customer (Email Address) * Email );;;PL-300-Updated-Part-3.pdf
You have a dataset that is used in frequently and refreshes every hour. You receive a notification that the refresh wash disabled due to inactivity. Which two actions will cause the scheduled refresh scheduled to resume? Each correct answer presents a complete solution.;A. From PowerShell, run the get – powerbireport cmdlet | B. From the Power BI service, open a dashboard that uses the dataset | C. Enable query caching for the dataset | D. From the Power BI service, open a report that uses the dataset | E. Import the dataset to Microsoft Excel;;PL-300-Updated-Part-3.pdf
In Power Query Editor, you have three queries named ProductCategory, ProductSubCategory and Product. Every Product has a ProductSubCategory. Not every ProductSubCategory has a parent ProductCategory. You need to merge the three queries into a single query. The solution must ensure the best performance in Power Query. How should you merge the tables? To answer, drag the appropriate merge types to the correct queries. Each merge type may be used once, more than once, or not at all. You may need to drag the split bar between panes or scroll to view content. 1. Full outer 2. Inner 3. Left Anti 4. Left outer 5. Right anti 6. Right outer ANSWER AREA Left Table Right Table Join King Product ProductSubCategory Inner ProducSubcategory ProductCategory Left Outer;;;PL-300-Updated-Part-3.pdf
For the sales department at your company, you publish a Power BI report the imports data from a Microsoft Excel file located in a Microsoft Sharepoint folder. The data model contains several measures. You need to create a Power BI report from the existing data. The solution must minimize development effort. Which type of data source should you use?;A. Power BI dataflows | B. an Excel workbook | C. a Sharepoint folder | D. Power BI dataset;;PL-300-Updated-Part-3.pdf
You have a Microsoft Excel spreadsheet that contains the data shown in the following table. Department Stage School 1 School 2 School 3 School 4 Mathematics 1 75 65 90 70 Mathematics 2 80 70 80 75 Geography 1 95 65 80 75 Geography 2 80 70 80 75 You plan to build a data model for a Power BI report. You need to prepare the data so that it is available to the model in the format shown in the following table. Department School Avg Score Mathematics School1 77.5 Geography School1 87.5 Which three actions should you perform in sequence in Power Query Editor? To answer, more the appropriate actions from the list of actions to the answer area and arrange them in the correct order. Actions Group by [Department], [School1], [School2, [School3], [School4] and create a new column named (Avg Score) that uses the AVERAGE function on the [Stage]column. Select and unpivot the [Department] and [Stage] columns. Answer Area Select the [Department] and [Stage] columns and unpivot the other columns. Rename the [Attribute] column as [School] and the [Value] column as [Score]. Group by [Department] and [School] and create a new column named [Avg Score] that uses the Average function on the [Score] column.;;;PL-300-Updated-Part-3.pdf
A manager can represent only a single country. You need to you use row-level security (RLS) to meet the following requirements: • The managers must only see the data of their respective country. • The number of RLS roles must be minimized. Which two actions should you perform? Each correct answer presents a complete solution. function function direction to Single both directions;A. Create one role for each country | B. Create a single role that filters Country [Manager_Email] by using the USERSELECT DAX | C. Create a single role that filters Country [Manager_Email] by using the USERNAME DAX | D. For the relationship between Purchase and Purchase Detail change the Cross filter | E. For the relationship between Purchase and Purchase select Apply security filter in;;PL-300-Updated-Part-3.pdf
In power BI Desktop, you have a dataset that contains a table. You create a table visual on a Power BI report page as shown in the following exhibit. You need to configure the visual to display the referenced image instead of the URL in the Plant image column. What should you do?;A. Set the Data type of the Plant Image field to Binary | B. From the Formatting tab, select Values, and then set URL icons to ON for the table | C. Set the Data category of the Plant image filed to Image URL | D. Set the Data category of the Plant image filed to Web URL;;PL-300-Updated-Part-3.pdf
You have a Power BI model that contains a table named Sales and a related date table. Sales contains a measure named Total Sales. You need to create a measure that calculates the total sales from the equivalent month of the previous year. How should you complete the calculation? To answer, select the appropriate options in the answer area. Answer Area Sales Previous Year = Calculate ( [Total Sales], SAMEPERIODLASTYEAR ( Date [date]));;;PL-300-Updated-Part-3.pdf
You have a Power BI query named Sales that imports the columns shown in the following table: Name Description Sample Value ID A unique value that represents a sale 10253 Sale - Date Sales Date 2021-11- A column to extract the date of the sale 23T09:53:00 Customer - ID Represents A unique Customer ID number 13158 Delivery -Time Elapsed delivery time in hours 51.52 Can contain null values Status Sales status Finished Contains only the following two values. Finished and canceled Canceled - Date Cancellation date and time 2021-11- Can contain null values 24T14:11:23 Users only use the date part of the Sales_Date field. Only rows with a Status of Finished are used in analysis. You need to reduce the load times of the query without affecting the analysis. Which two actions achieve this goal? Each correct answer presents a complete solution.;A. Remove Sales [Canceled Date] | B. Change the data type of Sale [Delivery_time] to Integer | C. Remove the rows in which Sales [Status] has a value of Canceled | D. Remove Sales [Sales_Date] | E. Split Sales [Sales_Date] into separate date and time columns;;PL-300-Updated-Part-3.pdf
You create a data model in Power BI. Report developers and users provide feedback that the data model is too complex. The model contains the following table: Table name Column name Data type Sales - Region region – id Interger name Varchar Region - Manager region – id Interger manager – id Interger Sales - Manager sales – manager – id Interger name Varchar region – id Interger Manager manager - id Interger name Varchar The model has the following relationships: • There is a one-to one relationships between Sales_Region and Region_Manager. • There are more records in Manager than in Region_Manager, but every record in Region_Manager has a corresponding record in Sales_Manager. • There are more records in Sales_Manager than in Sales_Region, but every record in Sales_Region has a corresponding record in Sales_Manager. You need to denormalize the model into a single table. Only managers who are associate to a sales region must be included in the reports. Which three actions should you perform in sequence? To answer move the appropriate actions from the list of actions to the answer area and correct order. Actions 1.Merge [Sales_Region] and [Region_Manager] by using a right join as a new query named [Sales_Region_and_Region_Manager] 2. Merge [Sales_Region] and [Region_Manager] by using an inner join 3. Merge [Sales_Region] and [Sales_Manager] by using an inner join 4. Merge [Region_Manager] and [Manager] by using an inner join 6. Merge [Sales_Region] and [Sales_Manager] by using a inner join as a new query named [Sales_Region_and_Manager] 7. Merge [Sales_Manager] and [Sales_Region] by using a left join 2,3,5;;;PL-300-Updated-Part-3.pdf
You have a Microsoft Excel spreadsheet named Excel1 that contains survey results. You have a Power BI dashboard named DashboardA that has Q&A enabled. You need to ensure that users who can access DashboardA can as question based and the contents of Excel1 and pin visuals based on their queries to The solution must minimize development time. Which three actions should you perform in sequence? To answer, move the appropriate actions from the list of actions to the answer area and arrange to correct order. Actions From Excel, create a named range by using the data in Excel1 From powerbi.com, pin a range from Excel 1 to DashboardA From powerbi.com, add a tile for the Excel1 dataset to DashboardA From Excel, format the data in Excel1 as a table From powerbi.com, upload Excel1 From powerbi.com, import Excel1 as a dataset Answer Area 1,5,2;;;PL-300-Updated-Part-3.pdf
# PL 300 Renewal Questions 2024 The following markdown file contains questions found in the Power BI PL-300 Certification Renewal Exam, which have been obtained via web scraping and browsing exam dumps. They're sorted in no specific order, and unresolved.;;;PL300_RENEWAL_24.md
You have a Power BI data model that has the following tables: `Sales`, `Returns`, `Customer`, and `Date`. No relationships have been created. You need to view and filter sales and returns by the same months at the same time. What three actions should you perform? Each correct answer presents part of the solution. **Select all answers that apply.** - Create a DAX measure that combines sales and returns. - Create a month column in both the Sales and Returns tables. - Create a relationship between Sales and Date. - Create a relationship between the Returns and Date. - Select the Date table and select Mark as date table.;;;PL300_RENEWAL_24.md
You preview a single table in Power Query Editor in Power BI Desktop. The table contains the following columns: `ProductName`, `ProductID`, `SalesDate`, and `SalesAmount`. You need to convert the table into a properly formed star schema. To which table should you add the `SalesAmount` field?;Product Dimension | Product Fact | Sales Dimension | Sales Fact;;PL300_RENEWAL_24.md
You need to ensure that when users use the Q&A visual in a Power BI report, the visual maps the word “Country” to the Geography[Region] field in the semantic model. The solution must NOT change any existing visuals. What should you do?;Add a synonym to the Geography table. | Add a synonym to the Region column. | Rename the Region column to Country. | Set the row label in the Geography table to Region.;;PL300_RENEWAL_24.md
You preview a single table in the Power Query Editor in Power BI Desktop. The table contains the following columns: `LocationName`, `LocationID`, `Temperature`, and `DateTime`. You need to convert the table into a properly formed star schema. To which table should you add the LocationName field?;Date Dimension | Location Dimension | Location Fact | Temperature Measurements Fact;;PL300_RENEWAL_24.md
You need to write a DAX measure that returns the revenue for selected dates during the previous year. Which two DAX functions should you include in the measure? Each correct answer presents part of the solution. **Select all answers that apply.** - `CALCULATE` - `CLOSINGBALANCEYEAR` - `PREVIOUSQUARTER` - `SAMEPERIODLASTYEAR`;;;PL300_RENEWAL_24.md
You have a Power BI model that contains a table named `Person`. The `Person` table contains a whole number column named `Age`. You need to write a DAX measure that finds the middle value in the range of `Age` values. What formula should you use?;`AVERAGE('Person'[Age])` | `MEDIAN('Person'[Age])` | `RANK.EQ('Person'[Age], ‘Person’[Age])` | `STDEV.P('Person'[Age])`;;PL300_RENEWAL_24.md
You have a Power BI data model that contains two tables: `Sales` and `Date`. The `Sales` table can be related to the `Date` table by either the `Sales Date` column or the `Ship Date` column. You need to create a role-playing dimension using DAX. The role-playing dimension must support the ability to filter sales where `Ship Date` is in the current month and `Sales Date` is in the prior month. Which type of DAX expression should you use?;Calculated column | Calculated table | Measure | What-If analysis;;PL300_RENEWAL_24.md
You have a Power BI data model that contains the following three tables: * `Sales` * `Date` * `Product` The `Sales` table is related to the `Date` and `Product` tables by using many-to-one relationships. The `Sales` table contains a column named `Total Sales Amount`. You need to create a measure named `Total Sales` that can be used in visuals to aggregate `Total Sales Amounts` by product or by date. What should you use?;`Total Sales = ALL(‘Sales’[Total Sales Amount])` | `Total Sales = CALCULATE([Total Sales])` | `Total Sales = MAX(‘Sales’[Total Sales Amount])` | `Total Sales = SUM(‘Sales’[Total Sales Amount])`;;PL300_RENEWAL_24.md
You create a Power BI model that contains the sales for the last five years. The size of the model is 950 MB. The Sales table contains five million rows. You need to minimize the model size and perform the following analysis: Current and one previous year sales for all active products Current year sales by product category What should you do?;Remove the `Product Status` column. | Remove the rows that relate to inactive products. | Remove the rows that relate to sales that occurred more than two years earlier. | Remove the `Sale Date` column.;;PL300_RENEWAL_24.md
You have a Power BI model that contains sensor data from 500 sensors that return temperature readings each minute. Your reporting requirements include the calculation and display of the average temperature from each sensor at every hour. The reports do NOT show the raw data for each minute. You need to reduce the size of the model to improve performance. What should you do?;And a report filter for the Hour column. | Create visuals that group the data by hour. | Remove the rows that contain readings. | Use Power Query to group the sensor data by hour.;;PL300_RENEWAL_24.md
You have a Power BI data model that contains a table named `Contacts`. Contacts contains the following text columns: * `Name` * `Email` * `Phone` * `Subscribed to Newsletter` All columns use the `Text` data type. The `Phone` column contains the area code, number, and country code. The `Subscribed to Newsletter` column contains a value of true or false. You need to minimize the size of the data model by changing a column’s data type. The solution must prevent data loss. What should you do?;Change `Phone` to a decimal data type. | Change `Phone` to a whole number data type. | Change `Subscribed to Newsletter` to a binary data type. | Change `Subscribed to Newsletter` to a True/False data type.;;PL300_RENEWAL_24.md
You have a Power BI report that has one page. You need to configure the report to meet the following requirements: The page color must be gray The color of the area around the page must be light blue Which two tasks should you perform? Each correct answer presents part of the solution. **Select all answers that apply.** - Set the canvas background color to gray. - Set the canvas background color to light blue. - Set the wallpaper color the gray. - Set the wallpaper color to light blue.;;;PL300_RENEWAL_24.md
You are creating a visualization in a Power BI report. You need to recommend which visualization to use in the report to perform a quick comparison of the current quarter sales by country. Which visualization type should you recommend?;column chart | gauge chart | matrix | scatter chart;;PL300_RENEWAL_24.md
You plan to use Power BI report visual to display sales values that change over time. You need to identify a visualization to use. The solution must clearly illustrate the changes of sales values over time. Which visualization type should you identify?;Column chart | Doughnut chart | Funnel chart | Pie chart;;PL300_RENEWAL_24.md
You need to create a sales report in Power BI that meets the following requirements: Must display data in tables with headers and footers Must print all data in the report Must allow users to select a region value in the parameters What should you do?;Create a paginated report with a table. | Create a scorecard. | Create an interactive report with a matrix. | Create an interactive report with a table.;;PL300_RENEWAL_24.md
You have a report that has three overlapping visuals: a bar chart, a line chart and a card. You need to modify the report to meet the following requirements: the card must render above the line chart the line chart must render above the bar chart. What setting should you modify?;Aspect ratio | Layer order | Tab order | Vertical alignment;;PL300_RENEWAL_24.md
You have a Power BI report that contains a clustered column chart visual. The visual shows the revenue on the y-axis and the month on the x-axis. You need to ensure that users can drill down from month to week to day. To what should you add the Week and Day fields?;Legend | Small Multiples | X-axis | Y-axis;;PL300_RENEWAL_24.md
You plan to analyze sales data in Power BI by using the following fields: * `Sales amount` * `Order Quantity` * `Product` You need to use clustering to identify groups of similar data points in a subset of your data. What visualization type should you use?;Line chart | Scatter chart | Tree map | Waterfall chart;;PL300_RENEWAL_24.md
You plan to use Power BI to analyze taxi cab rides in New York City. You need to review the total distance of rides by date. You need to visually indicate anomalies in the values as well as the expected range of distance values for the date. What visual should you use?;Line chart | Pie chart | Scatterplot | Tree map;;PL300_RENEWAL_24.md
You have a workspace that contains two semantic models and five reports. You need to grant all department users read access to only one of the semantic models and three of the reports. Access should be automatically removed for users who leave the department. Which two actions should you perform? Each correct answer presents part of the solution. **Select all answers that apply.** - Add the security group containing the users to the **_Viewer_** role on the workspace. - Grant app access to the security group containing the users and publish the app. - Set Include in App to Yes for all semantic models and reports. - Set Include in App to Yes for the one semantic model and the three reports. - Share the one semantic model and the three reports with each user in the department.;;;PL300_RENEWAL_24.md
You have a workspace that contains two semantic models and five reports. You need to grant all department users read access to only one of the semantic models and three of the reports. Access should be automatically removed for users who leave the department. Which two actions should you perform? Each correct answer presents part of the solution. **Select all answers that apply.** - Add the security group containing the users to the Viewer role on the workspace. - Grant app access to the security group containing the users and publish the app. - Set Include in App to Yes for all semantic models and reports. - Set Include in App to Yes for the one semantic model and the three reports. - Share the one semantic model and the three reports with each user in the department.;;;PL300_RENEWAL_24.md
You have a workspace named `workspace1` in the Power BI service. Content is shared to users by using a Power BI app. You have made updates to a report in the workspace, and you need to distribute the updated report. What should you do?;Add the appropriate users to the Viewer role in the workspace. | Save a copy of the report to a different workspace. | Share the updated report with the appropriate security group. | Update the Power BI app.;;PL300_RENEWAL_24.md
You have published an imported semantic model to a workspace. The workspace is in the shared capacity of the Power BI service. The source data changes every 5 minutes. You need to keep the data in the Power BI semantic model as current as possible without upgrading Power BI licenses or changing the workspace. What should you do?;Configure a scheduled refresh 8 times a day. | Configure a scheduled refresh every 15 minutes. | Configure a scheduled refresh every hour of each day. | Perform an on-demand refresh once a day.;;PL300_RENEWAL_24.md
You have a Power BI workspace that contains a semantic model named `ModelA`. You have a Microsoft Entra group named `GroupA`. `GroupA` is currently not assigned to a workspace role. You need to ensure that `GroupA` can use Analyze in Excel with `ModelA`. What permissions should you grant?;Build | Read | Reshare | Write;;PL300_RENEWAL_24.md
# PL 300 Renewal Questions 2025 The following markdown file contains questions found in the Power BI PL-300 Certification Renewal Exam, which have been obtained via web scraping and browsing exam dumps. They're sorted in no specific order, and answered by an LLM (**THIS IS NOT AN OFFICIAL ANSWER**).;;;PL300_RENEWAL_25.md
You preview a query from the Power Query Editor. You notice that Column A contains blank values and null values. You need to convert all blank values to null. **Which option should you select from Column A?**;Clean | Fill Down | Replace Errors | Replace Values;Replace Values;PL300_RENEWAL_25.md
You are previewing an Excel file in Power Query Editor by using Power BI Desktop. The file contains data in two columns. One column lists categories. The other column lists subcategories in each category. You need to transform the data to a table that has a separate column for each category and contains the count of subcategories for each category. **What transform should you use?**;Pivot | Promote headers | Transpose | Unpivot;Pivot;PL300_RENEWAL_25.md
You are previewing two queries named Query1 and Query2 in Power Query Editor. Query1 contains data about employee IDs 1 through 10. Query2 contains data about employee IDs 5 through 15. You merge by using a left outer join from Query1 to Query2. **Which employee IDs will be present in the merged query?**;1 through 10 | 5 through 10 | 5 through 15 | 11 through 15;1 through 10;PL300_RENEWAL_25.md
You need to create a relationship between two tables named `Sales` and `Sales Detail` in a Power BI data model. For every row in the `Sales` table, there is at least one row, and possibly multiple rows, in the `Sales Detail` table. **How should you configure the relationship?**;many-to-many from Sales to Sales Detail | many-to-one from Sales to Sales Detail | one-to-many from Sales to Sales Detail | one-to-one from Sales to Sales Detail;one-to-many from Sales to Sales Detail;PL300_RENEWAL_25.md
You preview a single table in the Power Query Editor in Power BI Desktop. The table contains the following columns: `LocationName`, `LocationID`, `Temperature`, and `DateTime`. You need to convert the table into a properly formed star schema. **To which table should you add the LocationName field?**;Date Dimension | Location Dimension | Location Fact | Temperature Measurements Fact;Location Dimension;PL300_RENEWAL_25.md
You have a Microsoft Power BI semantic model that contains a dimension table named `DimCustomer` and a fact table named `FactOrder`. `DimCustomer` contains one row per customer. `FactOrder` contains one row per order. You need to create a relationship between `DimCustomer` and `FactOrder`. **Which type of relationship cardinality should you choose?**;many-to-many | many-to-one | one-to-many | one-to-one;one-to-many;PL300_RENEWAL_25.md
You have a Microsoft Power BI semantic model that contains three tables named `DimDate`, `FactSales`, and `FactInventory`. `DimDate` is a dimension table that contains one row per date. `FactSales` is a fact table that contains one row per item sold. `FactInventory` is a fact table that contains one row per item in the inventory per day. `DimDate` is related to both `FactSales` and `FactInventory`. **What type of dimension is DimDate?**;degenerate dimension | junk dimension | outrigger dimension | role-playing dimension;role-playing dimension;PL300_RENEWAL_25.md
You have a Power BI model that contains a table named `Person`. The `Person` table contains a whole number column named `Age`. You need to write a DAX measure that finds the middle value in the range of Age values. **What formula should you use?**;`AVERAGE('Person'[Age])` | `MEDIAN('Person'[Age])` | `RANK.EQ('Person'[Age], ‘Person’[Age])` | `STDEV.P('Person'[Age])`;`MEDIAN('Person'[Age])`;PL300_RENEWAL_25.md
You have a Power BI data model that contains the following three tables: - Sales - Date - Product The `Sales` table is related to the `Date` and `Product` tables by using many-to-one relationships. The `Sales` table contains a column named `Total Sales Amount`. You need to create a measure named `Total Sales` that can be used in visuals to aggregate `Total Sales Amounts` by product or by date. **What should you use?**;Total Sales = ALL(‘Sales’[Total Sales Amount]) | Total Sales = CALCULATE([Total Sales]) | Total Sales = MAX(‘Sales’[;;PL300_RENEWAL_25.md
You have a Microsoft Power BI semantic model that contains a table named `Table1`. `Table1` contains five columns named `Sales Date`, `Product ID`, `Quantity`, `Item Price`, and `Region`. You need to create a measure named `Avg Price - All Regions` that calculates the average item price for items sold across all regions. **Which expression should you use in the measure?**;CALCULATE( AVERAGE( Table1[Item Price] ), REMOVEFILTERS( Table1[Region] ) ) | CALCULATETABLE( AVERAGEX( Table1[Item Price] ), REMOVEFILTERS( Table1[Region] ) ) | CALCULATE( MEDIAN( Table1[Item Price] ), ALL( Table1[Region] ) ) | SUMMARIZE( Table1[Item Price]);CALCULATE( AVERAGE( Table1[Item Price] ), REMOVEFILTERS( Table1[Region] ) );PL300_RENEWAL_25.md
You have a Microsoft Power BI semantic model that contains two tables named `FactInventory` and `DimDate`. `FactInventory` is a fact table that contains one row per product per weekday. Inventory balances are NOT recorded on weekends. `DimDate` is the date table in the model. You need to create a measure that shows the last available inventory balance for a selected period. **Which DAX function should you include in the solution?**;EOMONTH | FIRSTNONBLANK | LASTNONBLANK | NETWORKDAYS;LASTNONBLANK;PL300_RENEWAL_25.md
You create a Power BI model that contains the sales for the last five years. The size of the model is 950 MB. The `Sales` table contains five million rows. You need to minimize the model size and perform the following analysis: - Current and one previous year sales for all active products - Current year sales by product category **What should you do?**;Remove the Product Status column. | Remove the rows that relate to inactive products. | Remove the rows that relate to sales that occurred more than two years earlier. | Remove the Sale Date column.;Remove the rows that relate to inactive products.;PL300_RENEWAL_25.md
You open a report in Microsoft Power BI Desktop and run Performance Analyzer. The results show a high number of visual displays. **What is a possible cause of the performance issues?**;misconfigured relationships | too many columns in the underlying tables | too many fields used in visuals | unoptimized measures;too many fields used in visuals;PL300_RENEWAL_25.md
You have a Power BI model that contains sensor data from 500 sensors that return temperature readings each minute. Your reporting requirements include the calculation and display of the average temperature from each sensor at every hour. The reports do NOT show the raw data for each minute. You need to reduce the size of the model to improve performance. **What should you do?**;Add a report filter for the Hour column. | Create visuals that group the data by hour. | Remove the rows that contain readings. | Use Power Query to group the sensor data by hour.;Use Power Query to group the sensor data by hour.;PL300_RENEWAL_25.md
You plan to use a Power BI report visual to display sales values that change over time. You need to identify a visualization to use. The solution must clearly illustrate the changes of sales values over time. **Which visualization type should you identify?**;Column chart | Doughnut chart | Funnel chart | Pie chart;Column chart;PL300_RENEWAL_25.md
You are creating a visualization in a Power BI report. You need to recommend which visualization to use in the report to perform a quick comparison of the current quarter sales by country. **Which visualization type should you recommend?**;column chart | gauge chart | matrix | scatter chart;column chart;PL300_RENEWAL_25.md
You have a Microsoft Power BI report that contains two pages. The first page contains a clustered bar chart. You plan to configure the clustered bar chart to use the second page as a tooltip report. **What should be done on the second page?**;The Allow Q&A setting must be enabled. | The Allow use as tooltip setting must be enabled. | The canvas background transparency must be set to 100%. | The Canvas setting must be set to Tooltip.;The Allow use as tooltip setting must be enabled.;PL300_RENEWAL_25.md
You create a Microsoft Power BI report that will be accessed by hundreds of users on their laptops. The report contains one page. The page size is set to the custom dimensions of 2500 x 3500. You set Page view to Actual size and publish the report to the Power BI service. **What is the resulting user experience?**;a page background image with a misconfigured aspect ratio | a page that requires users to interact with scrollbars to view the entire page | a page that requires users to zoom out to read the visuals | a page with a large area of wallpaper shown at the bottom of the page;a page that requires users to interact with scrollbars to view the entire page;PL300_RENEWAL_25.md
You have a Microsoft Power BI report that contains a single page. The page contains six visuals and a button. You need to create a solution that enables users to replace two visuals with two other visuals by selecting the button. **What should you do in the selection pane first?**;Group the two visuals that will be replaced when selecting the button. | Group visuals that will not be affected by selecting the button. | In the tab order, hide the two visuals that will be replaced. | In the layer order, move the two visuals that will be replaced to the bottom.;Group the two visuals that will be replaced when selecting the button.;PL300_RENEWAL_25.md
You have a report that contains a bar chart and a pie chart. The interactions use the default settings. You need to ensure that when you select a bar, the pie chart redraws showing only the data related to the bar. You enable Edit Interactions. **What should you do next?**;Select the pie chart and set the bar chart interaction to Filter. | Select the pie chart and set the bar chart interaction to None. | Select the bar chart and set the pie chart interaction to Filter. | Select the bar chart and set the pie chart interaction to None.;Select the bar chart and set the pie chart interaction to Filter.;PL300_RENEWAL_25.md
2022 Microsoft PL-300 Exam Data Analyst Associate QA-168 Questions and Answers PDF 1/101 Question: 1 You are a Power BI specialist at your organization. In your finance table, you have a column called margin, which is defined as 'margin = revenue – cost of goods sold.' In your company, there are several different ways people refer to margin. Some people call margin by other terms such as income, profit or profit margin. To use the Q&A feature successfully in your dashboard, you need to configure your dataset columns to enable users to type in variations for margin. Solution: Add Synonyms to the finance table Does this solution meet the goal?;"A. Yes | B. No | A. Yes | B. No | A. Yes | B. No | A. Yes | B. No | A. Create a hierarchy in the product table for subcategory | B. In the employees table, change EmployeeID to type text | C. Set the cross-filter between product and employees to both | D. In the Model view, change the product table's toggle 'is hidden' to True | A. Right click on Category and select 'New Measure' -> Right click on Subcategory and select 'Add to | B. Right click on Category and select 'Create hierarchy' -> Add Subcategory to the drill through fields | C. Right click on Category and select 'Create hierarchy' -> Right click on Subcategory and select 'Add | D. Right click on Category and select 'Create hierarchy' -> Right click on Subcategory and select 'Add | A. DATATABLE('sales','product'[Category],'product'[Subcategory],""Sales Total"",SUM(sales[Sales | B. SUMMARIZECOLUMNS('product'[Category],'product'[Subcategory],sales[Sales Amount]) | C. SUMMARIZE('sales','product'[Category],'product'[Subcategory],""Sales Total"",SUM(sales[Sales | D. SELECTCOLUMNS('sales','product'[Category],'product'[Subcategory],sales[Sales Amount]) | A. Change the data type of Employees[PayID] and hide Employees[Relocation] and Employees[HR | B. Change the data type of Employees[PayID] and BU[BUID] to Whole Number | C. Ensure the cardinality between BU and Employees from Many to one (*:1) to Many to many (*:*) | D. Change the data type of Employees[PayID] and BU[BUID] to Text | A. Yes | B. No | A. Yes | B. No | A. Install Python on your local machine | B. Enable R scripting | C. Install the libraries matplotlib and pandas | D. Enable Python scripting | E. Install the libraries seaborn and keras | A. Change all relationship cross filter directions to single | B. Split the Date/Time field into a separate Date column and a separate Time column | C. Turn off single select on slicers | D. Disable Power Query load on intermediary queries | A. Yes / Yes / Yes | B. No / Yes / Yes | C. No / Yes / No | D. No / No / Yes | A. Member / Member / Contributor | B. Member / Member / Viewer | C. Admin / Member / Contributor | D. Admin / Admin / Contributor | A. SWITCH / AND / OR / AND | B. SWITCH / OR / OR / AND | C. IF / OR / AND / AND | D. IF / AND / OR / AND | E. WHILE / AND / OR / AND | A. Download the JSON file and in Custom Dashboard theme > Upload JSON theme | B. Download the CSS file and in Custom Dashboard theme > Upload CSS theme | C. Download the PNG file and right-click on a tile > Upload PNG theme | D. Download the PDF file and right-click on the dashboard > Upload PDF theme | A. Only admins can see the lineage view | B. You need a Power BI Pro license to see lineage view | C. Lineage only works for DirectQuery datasets | D. Lineage view is available only to users with higher than Viewer access to the workspace | E. Each user needs to be granted lineage view permission in the tenant settings | A. PATHITEM(employees[Employee_Name], employees[Parent_Employee_Name]) | B. RELATED(employees[Parent_Employee_Name], employees[Employee_Name]) | C. CONCATENATE(employees[Parent_Employee_Name], employees[Employee_Name]) | D. PATH(employees[Employee_Name], employees[Parent_Employee_Name]) | A. Accessories: Import / Sales: DirectQuery / Date: Dual | B. Accessories: Import / Sales: DirectQuery / Date: Import | C. Accessories: DirectQuery / Sales: Import / Date: DirectQuery | D. Accessories: Dual / Sales: Import / Date: DirectQuery | A. Bookmarks | B. Tab order | C. Filters on all pages | D. Layer order | A. Append queries as new | B. Append queries | C. Merge queries as new | D. Merge queries | A. No / Yes / No | B. Yes / Yes / No | C. No / No / Yes | D. No / No / No | A. Waterfall | B. Treemap | C. Key influencers | D. Decomposition tree | A. RANKX - CALCULATE | B. TOPN - CALCULATE | C. FILTER - SUMMARIZE | D. TOPN – SUMMARIZE | A. Column quality | B. Column profile | C. Show whitespace | D. Column distribution | A. Use Row Level Security (RLS) | B. Set the PDF options in the tenant settings | C. Configure the dataset build permission security options | D. Use sensitivity labels | A. Use an on-premises data gateway | B. Configure incremental refresh in Power BI Desktop and enable it in Power BI service | C. Enable incremental refresh directly in Power BI service | D. Manually refresh the database when users are not active | A. Monspaced | B. Column distribution | C. Column quality | D. Column profile | A. The user will only see data for the state of Texas | B. The user will only see data for the rail shipping mode | C. The user will see data for which the state is Texas AND the shipping model is rail | D. The user will see data for which the state is Texas OR the shipping mode is rail | A. You are using a version prior to 2.0 of the plotly library | B. You are missing an R package | C. The visual has too many rows | D. The resolution is too high | A. Don't use multiple colors on bar charts | B. Apply filters to reduce the max number of items that a visual displays | C. Replace the default visuals with custom visuals | D. Limit the use of bar charts | E. Limit the number of visuals on a particular report page to only what is necessary | A. VAR categoryTotal = CALCULATE([Sales Total],ALL('product'[Category])) | B. VAR categoryTotal = [Sales Total] | C. VAR categoryTotal = CALCULATE([Sales Total],ALLSELECTED('product'[Category])) | D. VAR categoryTotal = CALCULATE([Sales Total],REMOVEFILTERS('product'[Category])) | A. CALENDAR(4) | B. CALANDAR( DATE ( 2000,3,1), DATE ( YEAR ( LASTDATE ( Cars[OrderDate] ) ), 31, 3 )) | C. CALANDAR( DATE ( YEAR ( FIRSTDATE ( Cars[OrderDate] ),4,1), DATE ( 2025, 12, 31 )) | D. CALENDARAUTO(3) | A. LIST / BIN / LIST | B. LIST / BIN / BIN | C. BIN / LIST / LIST | D. BIN / LIST / BIN | A. PATH | B. ALL | C. ALLEXCEPT | D. RELATED | A. You use hierarchies | B. You use TOPN filters | C. You have filtered measures | D. You use a stacked column chart | A. Configure the security group from Azure Active Directory | B. Add the user as a member in the role section of the 'satellite apps' workspace | C. In Power BI Desktop set Row Level Security (RLS) | D. Within the 'satellite apps' workspace, select update app | A. Add on-time delivery to the drillthrough fields | B. Add the on-time delivery column to the secondary values field | C. Add on-time delivery column to the tooltips field | D. Add the on-time delivery column to the small multiples field | A. Add a fixed forecast line for the time series in the analytics pane | B. Add an Average line for Sales Total in the analytics pane | C. Add a trend line across years in the analytics pane | D. Add a min line in the analytics pane | A. Replace DIVIDE with a simple divide calculation using the '/' symbol | B. Instead of PARALLELPERIOD(), use DATEADD() | C. Mark date table as date | D. Use VARIABLES and a RETURN statement | A. CALCULATE / Sales[Model] | B. DISTINCT / Sales[Model] | C. CALCULATE / (Sales[Model] , Model = “XPR”) | D. DISTINCT / Sales[Model Desc] | A. Select Column profile and then click on 'ergoSales'[quantity] | B. Select Column quality and then click on 'ergoSales'[quantity] | C. Click on 'ergoSales'[quantity] and select replace values | D. Create a custom column using a conditional statement to filter negatives out | A. Set the relationship between the two tables as one-to-one | B. Set the relationship between the two tables as many-to-many | C. Create a bridging table using unique IDs and create two one-to-many relationships | D. Set the relationship between the two tables as one-to-many | A. Select + Add alert rule, ensure the Active slider is set to On | B. In the alert conditions choose 'below' and enter in a value of 85 | C. Choose More options on the SIFOT gauge visual and select Manage alerts | D. In the dropdown for notification type, select email | E. In the alert conditions choose 'below' and enter in a value of 0.85 | A. Custom R Dumbell Plot | B. Q&A | C. Decomposition Tree | D. Key Influencers | A. = Table. [VALUE] (#""Changed Type"",""LL Road Frame"",""JJ | B. Roadster"",Replacer. [VALUE],{""Model""}) | C. ReplaceValue / ReplaceText | D. ReplaceRows / ReplaceText | E. ReplaceText / ReplaceValue | A. Object level security with any type of data source | B. Import | C. Composite models | D. Reporting Services | A. Set forecast length to 25 months and ignore last 5 months | B. Go to the analytics pane and under forecast select '+ Add' | C. Set the seasonality interval to 90% and click on apply | D. Set forecast length to 25 points and ignore last 5 points | E. Set the confidence interval to 90% and click on apply | A. On the Sales Detail page, under drill through option add month as the drill through field | B. On the Sales page, under drill through option add month as the drill through field | C. Create a new page called Sales Detail | D. On the Sales Detail page under Drill through, toggle Keep all filters on | E. Create a table visual to show total sales by month and category | A. Create page level filters and create a new groups | B. Filter the charts using the date slicer, then create bookmarks | C. Create drill throughs for each of the warehouse charts | D. Create report level filters and create a new groups | A. 1. Show progress of conversion rates against a target | B. 2. Identify outliers in sentiment scores | C. 3. Show the factors that influence sentiment scores | D. KPI / Waterfall / Treemap | E. Card / Scatter / Funnel | A. Set slicers to be responsive | B. Add the most important visuals to the mobile canvas | C. Set the page size as tablet or smartphone | D. Resize the visuals to fit the mobile canvas | E. Add haptic feedback (vibration) for when a user taps a visual | A. Adjust the report CSS file | B. Customize the current theme | C. Change the fonts on each text box | D. Change the colors on each visual | A. Yes / No / No | B. Yes / No / Yes | C. No / Yes / Yes | D. No / Yes / No | A. Change the page view in Power BI Desktop | B. Use paginated reports | C. Use gridlines and snap to grid | D. Use lock objects | A. Change the permissions on your Microsoft SQL Server database | B. Upgrade your Power BI Desktop | C. Install an on-premise data gateway | D. Install Power BI Report Builder | A. YES | B. NO | A. YES | B. NO | A. YES | B. NO | A. YES | B. NO | C. Explanation: Hiding intermediate tables does not affect the performance of the model. Hiding tables | A. YES | B. NO | C. Explanation: Removing the PO prefix and converting the column to a whole number reduces the | A. YES | B. NO | C. Explanation: Removing unnecessary columns reduces the model size and increases performance. | A. Change the data type of Sales[ProductKey] to fixed decimal | B. Create a calculated column of Product[ProductKey] | C. Change the data type of Product[ProductKey] to whole number | D. Create a measure for the sum of Sales[Order Quantity] | A. Export the table to Excel | B. Use replace values in the transform ribbon in Power Query Editor | C. Edit the source applied step in M code | D. Remove duplicates in Power Query Editor | A. Use 'add columns from examples' to fix discrepancies | B. Use 'transform' and then adjust the rounding | C. Go to the transform ribbon and click on 'Use first row as header' | D. Make sure the postcode data type is 'text' and not 'whole number' | E. Explanation: If the original data uses '0' as a prefix for some post codes, converting to a whole | A. Unpivot the Unit Price column -> Create custom column named Profit -> Set formula Sales Amount | B. Create custom column named Profit -> Set formula Sales Amount – (Order Quantity * UnitPrice) -> | C. Duplicate the Order Quantity Column -> Create a new column and multiply duplicated column by | D. Create a Group By on SalesOrderLineKey -> Sum by Sales Amount and rename Profit -> Subtract | A. Create a dynamic M query | B. Use an Excel Macro to build connections | C. Create a PBIDS file with your key data sources | D. Create a template in lineage view | E. Explanation: You can create a PBIDS file to streamline the experience for new or beginner report | A. 'NA' is transformed into 'NULL' by Power BI | B. You have not used the correct R version | C. Power BI only supports R dataframes | D. You need to first install the library 'tidyr' | A. Use the LOOKUPVALUE() function | B. Delete the active relationship and make the new relationship active | C. Use the USERELATIONSHIP() function | D. Change the crossfilter direction to both in the modelling tab | E. Explanation: The USERELATIONSHIP() function specifies an existing relationship to be used in the | A. Funnel chart | B. KPI chart | C. Stacked column chart | D. Gauge chart | E. Card chart | A. Analyze -> Sales[Sales Quantity]; Explain by -> Product[Category], Product[Color] | B. Analyze -> Sales[Sales Amount]; Expand by -> Product[Category], Product[Model] | C. Analyze -> Sales[Sales Quantity]; Explain by -> Product[Category]; Expand by -> Product[Color] | D. Analyze -> Sales[Sales Amount]; Explain by -> Product[Category], Product[Color] | E. Explanation: As we want to analyze the sales amount, use Sales[Sales Amount] in the analyze well. | A. CALCULATE( SUM(SpaceStationInventory[Inventory Count]), | B. CLOSINGBALANCEMONTH( SUMX(SpaceStationInventory[Inventory Count]), | C. CALCULATE( SUM(SpaceStationInventory[Inventory Count]), | D. CALCULATE( SUM(SpaceStationInventory[Inventory Count]), | E. Explanation: The LASTDATE DAX function returns the last non blank date. We want the inventory | A. Column profile | B. Monospaced | C. Column distribution | D. Show whitespace | E. Column quality | A. Create separate Power BI Desktop report for each department and email the PBIX file | B. Add a parameter to the report to filter department | C. Create a separate workspace for each department and create a report in each | D. Create a separate dataset for each department and add a separate report | E. Explanation: You can add a parameter on the report to filter the department. This allows you to use | A. Promoted / Certified / Featured | B. Sensitivity Label / Featured / Promoted | C. Featured / Sensitivity Label / Promoted | D. Certified / Sensitivity Label / Promoted | E. Explanation: When a report is marked as featured, it will appear on the Power BI home page. | A. Add a page level filter on all five pages | B. Create a report level filter using category in the 'Filter all pages' well | C. Use a single button and set the action type to bookmark | D. Select paginated report and configure the settings | E. Create a slicer for category on each page and then Sync slicers on all pages | A. On the home ribbon, click on properties and change the file path | B. Click on the Applied step 'source' and click on the cog to change the file path | C. On the home ribbon, click on manage -> then file, then change the file path | D. Click on the Applied step 'changed type' and click on the cog in the corner to change the file location | A. On the permissions tab, decide who has access to the app | B. On the title tab, fill in the name and description to help people find the app | C. Before releasing the app, create a digital signature, so people know who built the app | D. On the navigation tab, select the content to be visible in the app | E. Click the Sync to organization button | A. Connection Requirement: Server name, e.g. asazure://westcentralus.asazure.windows.net/abc | B. Connection Requirement: Admin name | C. Connection Option: Import | D. Connection Option: Dual | E. Connection Option: Direct Query | A. Use the Dataverse button to drill into likely performance issues | B. Use the Performance Analyzer to examine report element performance | C. Use the cross report drillthrough feature to examine performance across the report | D. Run an R script to determine the performance issues in report elements | A. Use must first disable sharing of your workspace | B. Your capacity administrator must enable the feature | C. Your interval must be greater than the minimum refresh interval | D. Refresh time in a premium capacity is rounded to the nearest 30 minutes | A. Scatter chart | B. Q&A chart | C. Key influencers chart | D. Decomposition tree chart | A. Yes / No / No | B. No / No / Yes | C. Yes / Yes / No | D. Yes / No / Yes | A. Specify the fully qualified server name when connecting | B. Ensure firewall rules for the database are configured to 'allow access to Azure services' | C. Select automatic schema change detection | D. Tiles are refreshed once per day, so you must configure the schedule refresh | A. Merge queries | B. Append queries as new | C. Append queries | D. Merge queries as new | A. Temporarily disable the tenant setting for custom visualization | B. Use Power BI Desktop .pbiviz files with the custom visual | C. Add the custom visuals to the organizational store | D. Build a separate Power BI service instance for the custom visual | A. Language Detection | B. Sentiment Analysis | C. Key Phrase Extraction | D. Word Sense Disambiguation | A. In Power BI Desktop, edit the DAX expression on the role for France | B. In Power BI Service, change the Power BI workspace security and change the user's email address | C. Add the user to the Azure Active Directory for France | D. In Power BI Service, use 'test as role' and use the email address of the new employee | A. Use Microsoft Dataverse alert API | B. Send an email | C. Send a notification to mobile | D. Use Microsoft Power Automate to trigger additional actions | A. Dark | B. Light | C. Color-blind friendly | D. Custom | E. Tab-order friendly | A. Indicator: Sales Units This Year , Trend axis: Fiscal Month , Target Goals: Sales Units This year | B. Indicator: Sales Units This Year , Trend axis: Fiscal Month , Target Goals: Sales Units Last year | C. Indicator: Sales Units Last Year , Trend axis: Fiscal Month , Target Goals: Sales Units This year | D. Indicator: Sales Units This Year , Trend axis: Fiscal Year , Target Goals: Sales Units Last year | A. Flat files do not support query folding | B. In the transformation, there is a promoted headers step that blocks the native query | C. You have used import as the storage mode | D. There is row-level security on the dataset | A. 24 / Power BI Desktop dataset / on-demand | B. 16 / Power BI Service dataset / auto | C. 8 / Power BI Service dataset / auto | D. 48 / Power BI Service dataset / on-demand | A. Yes / Yes / No | B. Yes / Yes / Yes | C. Yes / No / No | D. No / Yes / No | A. MAX / NONE / SUM | B. COUNT / SUM / NONE | C. NONE / SUM / SUM | D. NONE / MAX / SUM | A. CALCULATE ( [Sales Total], | B. TOTALQTD([Sales Total],'Date'[Date]) | C. 'Date', | A. Create a line chart and add month to the axis well | B. Create a waterfall chart and add month to the breakdown well | C. Create a scatter chart and add month to the play axis well | D. Create a tree map and add month to the details well | A. SUM(sales[Sales Amount]) + SUM(sales[Sales Tax]) | B. SUMX(sales,if(sales[OrderDate]>=DATE(2018,1,1),sales[Sales Amount]+sales[Sales | C. SUMX(filter(sales,sales[OrderDate]>=DATE(2018,1,1)),sales[Sales Amount]+sales[Sales Tax]) | D. SUM(sales,if(sales[OrderDate]>='1/1/2018',sales[Sales Amount]+sales[Sales Tax],sales[Sales | A. i / iv / iii | B. ii / iii / v | C. ii / iv / v | D. i / ii / iii | A. Create a new dashboard for every new request and pin the new tiles | B. Pin the report page as live to the dashboard | C. On the report page, select embed in dashboard | D. Create a hyperlink for the tiles and select embed in dashboard | E. Explanation: Pin the report page as live to a dashboard. Any changes you make to the visualizations | A. VAR SalesLastMonth = CALCULATE([Sales Total],DATEADD('Date'[Date],-1,MONTH)) | B. VAR SalesLastMonth = CALCULATE([Sales Total], PARALLELPERIOD | C. VAR SalesLastMonth = CALCULATE([Sales Total], SAMEPERIODLASTYEAR ('Date'[Date]) ) | D. VAR SalesLastMonth = CALCULATE([Sales Total],DATEADD('Date'[Date],-1,MONTH)) | E. Explanation: You can use DATEADD to look 1 month backward using the notation | A. Yes / Yes / Yes | B. No / Yes / No | C. No / No / Yes | D. Yes / No / Yes | A. Format: 'Color Scale', Row 1: '0 / Number' and '10 / Number', Row 2: '10 / Number' and '100 / | B. Format: 'Field Value', Row 1: '0 / Percentage' and '10 / Percentage', Row 2: '10 / Percentage' and | C. Format: 'Rules', Row 1: '0 / Number' and '0.1 / Number', Row 2: '0.1 / Number' and '1 / Number' | D. Format: 'Color Scale, Row 1: '0 / Percentage' and '10 / Percentage', Row 2: '10 / Percentage' and | A. Select the fermentation time column, right click and select New Group -> Set Group type to Bin -> | B. Set Group type to list -> Select the fermentation time column, right click and select New Group -> | C. Select the fermentation time column, right click and select New Group -> Set the Bin type to count | D. Select the fermentation time column, right click and select New Group -> Set Group type to Bin -> | E. Explanation: | A. VAR PreviousYearSales = SUMX([Sales Total], SAMEPERIODLASTYEAR ('Date'[Date],-1,YEAR)) | B. VAR PreviousYearSales = CALCULATE([Sales Total],DATEADD('Date'[Date],-1,YEAR)) | C. VAR PreviousYearSales = CALCULATETABLE([Sales Total],DATEADD('Date'[Date],-1,YEAR)) | D. VAR PreviousYearSales = CALCULATE([Sales Total], PARALLELPERIOD | A. Use the Direct Query storage mode for the dataset | B. Only use line charts for visuals | C. Use the Import storage mode for the dataset | D. Do not use tab or layer order | E. Create a summary table in the source data grouped by weekly volumes | A. Create a new measure using the MEDIAN DAX function on the sales column | B. In the analytics pane, add a trendline | C. In the chart values well, right click on sales and change the summarization to Median | D. Create a new measure using the Count (distinct) DAX function on the sales column | E. In the chart values well, right click on sales and change the 'show value as' to a percent of grand | A. Tab selection / Format pane / Back button | B. Edit interactions / Bookmarks / Back button | C. Edit interactions / Tab selection / Back button | D. Bookmarks / Edit interractions / Back button | A. Restart Power BI -> Open performance analyzer and press start recording -> Check enable | B. Create a blank report page -> Restart Power BI -> Click on SQL Server diagnostics -> Ineract with | C. Create a blank report page -> Restart Power BI -> Open performance analyzer and press start | D. Restart Power BI -> Open query diagnostics and press start recording -> Ineract with the visuals -> | A. You have uploaded data to Power BI | B. Your dataset uses Direct Query | C. Your dataset uses streaming | D. You have measures in your dataset | E. Your dataset is not statistically significant | A. Yes / No / Yes | B. Yes / No / No | C. No / No / Yes | D. Yes / Yes / No | A. You can take a piece of text and return a list of key phrases | B. You can build your own machine learning models and use them in Power BI desktop | C. The decomposition tree requires a premium subscription | D. Sentiment Analysis is available for select languages | E. You cannot use Power BI to tag images | A. Make sure your supplier has upgraded to Power BI Premium | B. In the tenant settings, enable email notification service for outages or incidents | C. In the tenant settings, enable share content with external users | D. Publish your dashboard to the web | A. Import / Import / Live Connection | B. Dual / Import / Live Connection | C. Dual / Import / DirectQuery | D. Import / Import / DirectQuery | A. Add an image tile | B. Add a video tile | C. Add a text box tile | D. Add a custom streaming data tile | A. Add a personal gateway to your organization's dataset | B. Add a streaming tile to your dashboard | C. Adjust the time zone in the tenant setting | D. Configure incremental refresh | A. Create a script to continuously import the data | B. Connect to the data with Live Connection | C. Connect to the data with DirectQuery | D. Connect to the data with AI Insights | A. Ray = Member / Jane = Contributor | B. Ray = Admin / Jane = Member | C. Ray = Member / Jane = Viewer | D. Ray = Member / Jane = Member | A. AVERAGE( Transport, Transport[Freight ($)] + Transport[Surcharge ($)]) | B. SUMX(Transport, Transport[Freight ($)] + Transport[Surcharge ($)]) | C. AVERAGEA( Transport, Transport[Freight ($)]) | D. AVERAGEX( Transport, Transport[Freight ($)] + Transport[Surcharge ($)]) | A. Column quality | B. Column distribution | C. Column profile | D. Monospaced | A. Update an app | B. Manage dataset permissions | C. Update and delete the workspace | D. Allow others to reshare items | A. Integrate the dashboard to Power BI Desktop | B. Ask the admin to add you as a contributor to the workspace | C. Subscribe to the dashboard | D. Turn on notifications on your instance of Power BI Service | A. Column distribution | B. Column quality | C. Column histogram | D. Column profile | A. In the relationship view, set the cross filter direction to Single | B. In the relationship view, check apply security filter in both directions | C. In the relationship view, set the cross filter direction to Both | D. In the relationship view, uncheck make this relationship active | A. json – 200 MB | B. csv – 1.5 GB | C. txt – 500 MB | D. xlsx – 2.1GB | A. Common Data Model folder | B. Azure Data Lake Gen2 | C. Sharepoint | D. Azure SQL Server | A. Manage subscriptions | B. Create and manage users and groups | C. Enable and disable Power BI features | D. Reset user passwords | A. Invite external guests through the Azure Active Directory B2B | B. Click share directly from the dashboard | C. Go to the Power BI admin tenant setting and add the emails for the external users | D. Modify the workspace permissions to allow for the external users | A. Conduct root cause analysis | B. Segments that contribute to the selected metric value | C. Visualize data across multiple dimensions | D. Contrast the relative importance of factors | A. MAX / Date[Date] | B. LASTDATE / Inventory[MovementDate] | C. LASTNONBLANK / Inventory[MovementDate] | D. LASTDATE / Date[Date] | A. Use conditional formatting with a Color scale using default settings | B. Use conditional formatting with Rules | C. Use conditional formatting with a Color scale and check the diverging setting | D. Use conditional formatting with Field values | A. Create an app | B. Add management to the workspace as viewer roles | C. Create a refresh schedule for twice a day | D. Pin the report as a live page | A. Select Promote content | B. Ask authorized reviewers to Certify your content | C. Select Featured content on home | D. Create a new workspace with the high-quality data and add the entire company as members | A. Add an Average line in the Analytics pane | B. Add a Trend line in the Analytics pane | C. Add a Forecast line in the Analytics pane | D. Add a Play Axis to the visual | A. Dashboards | B. Paginated reports | C. Q&A | D. Quick insights | E. Row-level security (RLS) | A. Yes | B. No | A. VALUES | B. SELECTCOLUMNS | C. RELATED | D. USERELATIONSHIP | A. DATE ( 2010/11/1, 2025/12/31) | B. CALCULATE( CALENDAR(' 2010/11/1', '2025/12/31') ) | C. CALENDAR( DATE(2010,11,1), DATE(2025,12,31) ) | D. CALENDAR( 2010/11/1, 2025/12/31) | A. Use the TRIM function in a new column, then set the data type to Date | B. Use the VALUE function in a new column, then set the data type to Date | C. Add a Column by example and type 2022-03-20, then set the data type to Date | D. Use the CONCATENATE function in a new column, then set the data type to Date | A. Key influencers | B. Decomposition tree | C. Scatter | D. Area | A. Run Performance Analyzer | B. Run Q&A | C. Run Query Diagnostics | D. Run the ALM toolkit | A. USEROBJECTID | B. USERPRINCIPALNAME | C. PATH | D. USERDOMAIN | A. Import all the data and then add a filter to the data | B. Add a WHERE clause to SQL statement in the advanced options | C. Change the data connectivity option to TOPN | D. Check HEAD to sample data from the advanced options | A. Add individual buttons and assign actions to each | B. Create several images and assign a bookmark | C. Change the orientation to Horizontal and toggle Responsive on | D. Change the orientation to Horizontal and change the background color | A. Write a custom script in R | B. Create a subscription | C. Create a data alert | D. In the tenant settings, add an email for service notifications | A. Yes | B. No | A. Yes | B. No | A. Yes | B. No | A. Select all columns -> Pivot columns | B. Select TransactionID -> Select Pivot columns | C. Select all columns -> Select Unpivot columns | D. Select TransactionID -> Select Unpivot other columns | A. INTERSECT | B. EXCEPT | C. SUMMARIZE | D. CROSSJOIN | A. Temporarily allow all visuals | B. Add to organizational visuals | C. Reproduce the visual in R or Python | D. Place a request to Microsoft to add the custom visual to the standard charts | A. Yes | B. No | A. Yes | B. No | A. Yes | B. No | A. Add sticky notes | B. Add comments | C. Add to group email | D. Add to alerts | A. Validate the HR manager's role using 'View as' and select the region | B. Use Track user activities | C. Remove the HR manager from the role and re-assign | D. Send the user your Power BI Desktop file | A. From Get data, select SharePoint folder, enter the URL and click import | B. From Get data, select SharePoint folder, enter the URL, navigate to the specific folder and Combine | C. From Get data, enter the URL, select SharePoint folder and navigate to the specific folder | D. From Get data, select SharePoint folder, navigate to the specific folder, select import or DirectQuery | E. Explanation: The steps to load a set of files from SharePoint with the same schema is: | A. FORMAT(Date[Date], ""D M Y"") | B. FORMAT(Date[Date], ""D MM YYYY"") | C. FORMAT(Date[Date], ""DD MMM YYYY"") | D. FORMAT(Date[Date], ""DD MMMM YYYY"") | E. Explanation: A “DD” will give a date field with a zero such as 03. A “MMMM” will give the full month | A. In conditional formatting select 'Sales % Category' and turn on background color | B. In conditional formatting select 'Sales Total' and turn on data bars | C. In conditional formatting select 'Sales % Category' and turn on data bars | D. In conditional formatting select 'Sales Total' and turn on background color | A. Under relationships, turn off security filters in both directions | B. Switch off single select under slicers | C. Switch off interactions between visuals | D. Remove any background images | A. Column quality | B. Monospaced | C. Column distribution | D. Column profile | A. Install Power BI Report server to test reports | B. Create a deployment pipeline across development, test and production stages | C. Create separate workspaces for your team across the reporting lifecycle | D. Change to paginated reports for your reporting lifecycle | A. =Table.[VALUE] (#""Promoted Headers"",{ {""ProductKey"", Int64.Type}, {""Product"", type text}, | B. C. TransformColumnNames / type decimal | D. TransformColumnNames / type number | E. TransformColumnTypes / Currency.Type | A. Set the storage mode on the crypto transaction table to Import | B. Set the storage mode on the crypto transaction table to DirectQuery | C. Create a summary table in the data source with the transactions grouped by month | D. Limit visuals to bar and line charts | A. Add the user to the Azure Active Directory for the Equipment Category | B. In Power BI Desktop, change the DAX filter for the role for the Equipment category | C. In Power BI Service, add the new user's email address to the Equipment category | D. Add the user's email to the workspace and change the role to a member | A. C++ | B. node.js | C. python | D. R | E. Explanation: To develop pbiviz files, you need to install node.js, a framework designed to build | A. In the Admin portal, go to tenant settings and disable 'Allow content sharing with external users' | B. In the Admin portal, go to tenant settings and disable 'Publish to web' | C. In the Admin portal, disable 'Allow URL links' | D. In the Admin portal, enable 'Block embedded links' | A. Text.Lower / Text.Clean | B. Text.Proper / Text.Clean | C. Text.Lower / Text.Trim | D. Text.Proper / Text.Clean";Text.Lower / Text.Clean;Certspilot.pdf
You need to update the Power BI model to ensure that the analysts can quickly build drill-downs from business unit to product in a visual. What should you create?;A. a group | B. a calculated table | C. a hierarchy | D. a calculated column;a hierarchy;PL-300-Updated-Part-1.pdf
You are creating a report in Power BI Desktop. You load a data extract that includes a free text field named coll. You need to analyze the frequency distribution of the string lengths in col1. The solution must not affect the size of the model. What should you do?;A. In the report, add a DAX calculated column that calculates the length of col1 | B. In the report, add a DAX function that calculates the average length of col1 | C. From Power Query Editor, add a column that calculates the length of col1 | D. From Power Query Editor, change the distribution for the Column profile to group by;Dataverse;PL-300-Updated-Part-1.pdf
You have the Power BI model shown in the following exhibit. A manager can represent only a single country. You need to use row-level security (RLS) to meet the following requirements: The managers must only see the data of their respective country. The number of RLS roles must be minimized. Which two actions should you perform? Each correct answer presents a complete solution. NOTE: Each correct selection is worth one point.;A. Create a single role that filters Country[Manager_Email] by using the USERNAME DAX | B. Create a single role that filters Country[Manager_Email] by using the USEROBJECTID DAX | C. For the relationship between Purchase Detail and Purchase, select Apply security filter in | D. Create one role for each country. | E. For the relationship between Purchase and Purchase Detail, change the Cross filter;Create a single role that filters Country[Manager_Email] by using the USERNAME DAX;PL-300-Updated-Part-1.pdf
A user creates a Power BI report named ReportA that uses a custom theme. You create a dashboard named DashboardA. You need to ensure that DashboardA uses the custom theme. The solution must minimize development effort. Which two actions should you perform? Each correct answer presents part of the solution. NOTE: Each correct selection is worth one point.;A. Publish ReportA to Power BI. | B. From ReportA save the current theme. | C. Publish ReportA to the Microsoft Power BI Community theme gallery. | D. From DashboardA, create a custom theme. | E. From DashboardA, upload a JSON theme.;Create a single role that filters Country[Manager_Email] by using the USERNAME DAX;PL-300-Updated-Part-1.pdf
You have a dataset that is used infrequently and refreshes every hour. You receive a notification that the refresh was disabled due to inactivity. Which two actions will cause the scheduled refresh schedule to resume? Each correct answer presents a complete solution. NOTE: Each correct selection is worth one point.;A. Enable query caching for the dataset. | B. Import the dataset to Microsoft Excel. | C. From the Power BI service, open a dashboard that uses the dataset. | D. From the Power BI service, open a report that uses the dataset. | E. From PowerShell, run the get-powerbireport cmdlet.;From the Power BI service, open a dashboard that uses the dataset.;PL-300-Updated-Part-1.pdf
A manager can represent only a single country. You need to you use row-level security (RLS) to meet the following requirements: • The managers must only see the data of their respective country. • The number of RLS roles must be minimized. Which two actions should you perform? Each correct answer presents a complete solution.;A. Create one role for each country | B. Create a single role that filters Country [Manager_Email] by using the USERSELECT DAX | C. Create a single role that filters Country [Manager_Email] by using the USERNAME DAX | D. For the relationship between Purchase and Purchase Detail change the Cross filter | E. For the relationship between Purchase and Purchase select Apply security filter in;;PL-300-Updated-Part-3.pdf
